area,bedrooms,bathrooms,age,parking,location_score,distance_center,price
2623.0,3,2,56.0,1,8.6,3.5,798473.0
5734.0,6,5,23.0,0,3.6,14.9,1964030.0
4553.0,6,4,44.0,1,5.3,24.4,1433639.0
3833.0,5,3,1.0,1,4.5,22.7,1485002.0
1443.0,2,2,12.0,4,2.9,16.8,503081.0
1442.0,1,1,29.0,1,4.8,17.7,469702.0
914.0,2,2,53.0,2,7.9,9.8,359623.0
5277.0,6,4,32.0,1,6.7,18.8,1890487.0
3846.0,5,4,56.0,0,6.9,38.2,1321727.0
4424.0,5,3,29.0,0,5.8,34.2,1228234.0
711.0,1,1,29.0,1,6.7,6.7,411027.0
5838.0,6,4,7.0,4,3.7,2.2,2314574.0
5095.0,6,4,48.0,2,4.8,37.4,1641090.0
1747.0,2,2,15.0,0,5.9,21.5,725762.0
1582.0,2,2,54.0,0,6.1,22.0,634374.0
1590.0,2,2,55.0,0,6.2,31.4,488924.0
2243.0,2,2,57.0,3,5.2,13.3,1062237.0
3434.0,4,3,31.0,2,4.7,19.8,1124490.0
2933.0,4,3,41.0,2,10.0,38.8,1287949.0
2173.0,2,2,47.0,1,7.5,27.2,918295.0
3904.0,5,4,8.0,1,6.4,7.0,1449299.0
1353.0,1,1,36.0,1,5.0,6.2,572232.0
2178.0,3,2,2.0,0,4.5,9.0,867981.0
2578.0,3,2,30.0,1,5.2,30.9,713415.0
3063.0,3,2,9.0,0,6.1,12.5,1059136.0
4840.0,6,4,11.0,0,1.4,1.8,1469256.0
1678.0,2,1,22.0,3,2.0,37.8,494727.0
3377.0,4,3,26.0,2,4.1,7.6,969682.0
3799.0,5,4,37.0,1,6.0,1.4,1653374.0
851.0,2,2,4.0,1,5.0,10.2,576029.0
3881.0,4,3,30.0,1,8.8,10.2,1672397.0
1521.0,2,1,11.0,2,2.2,17.5,634411.0
951.0,1,1,34.0,2,3.8,36.9,317701.0
5724.0,6,4,38.0,2,8.8,35.3,1808854.0
5814.0,6,4,33.0,2,5.8,18.8,1745649.0
4965.0,6,4,44.0,0,7.4,17.0,1923118.0
2245.0,2,2,20.0,0,10.0,22.6,975791.0
1127.0,1,1,46.0,1,4.0,10.5,408910.0
4295.0,5,4,26.0,0,5.3,3.0,1832417.0
2977.0,2,2,29.0,2,4.9,37.6,1048135.0
1259.0,2,2,39.0,0,1.2,8.3,371144.0
3274.0,5,3,1.0,0,4.8,8.7,1099037.0
786.0,1,1,39.0,1,7.4,19.4,446587.0
5510.0,6,4,37.0,4,6.7,20.2,2231169.0
1997.0,3,2,19.0,0,6.9,1.7,917169.0
4178.0,6,4,5.0,1,4.7,6.8,1969151.0
2283.0,3,2,5.0,1,4.1,15.7,1057484.0
3408.0,4,3,55.0,0,8.3,27.7,1322537.0
3552.0,4,3,41.0,1,4.4,9.9,1075599.0
1598.0,3,2,8.0,1,6.1,17.5,568600.0
5836.0,6,5,21.0,1,5.9,22.7,1895655.0
4786.0,6,4,36.0,2,8.7,35.7,1932986.0
5673.0,6,4,50.0,0,7.6,13.7,2492538.0
5432.0,6,4,3.0,0,2.7,6.2,1936364.0
3829.0,5,3,14.0,3,2.9,20.1,1551454.0
5578.0,6,4,53.0,1,6.8,30.1,1814668.0
1078.0,2,1,1.0,1,5.4,5.3,571669.0
1658.0,2,2,12.0,2,4.5,17.6,746245.0
844.0,1,1,58.0,0,7.7,1.7,302236.0
2357.0,2,2,37.0,2,5.9,2.3,841164.0
2699.0,4,3,16.0,0,5.6,19.8,1174371.0
2065.0,3,2,4.0,0,7.2,12.6,908237.0
5075.0,6,4,2.0,0,4.7,34.0,1419090.0
2526.0,5,4,15.0,2,9.0,24.5,722999.0
2117.0,3,2,53.0,0,3.8,18.7,682424.0
3531.0,4,3,25.0,2,6.9,16.9,1297292.0
1361.0,1,1,43.0,3,8.7,20.4,534418.0
4932.0,6,4,55.0,1,2.5,2.6,1665154.0
1003.0,1,1,24.0,1,4.7,35.8,407215.0
5929.0,6,4,11.0,1,8.0,39.9,2254608.0
4770.0,6,4,31.0,0,8.0,8.1,1130188.0
1673.0,2,2,54.0,1,5.1,5.7,518345.0
630.0,2,2,48.0,1,3.9,6.6,310870.0
5003.0,6,4,4.0,4,7.6,26.8,1998825.0
4417.0,5,3,42.0,3,8.1,26.8,1701820.0
4537.0,6,4,34.0,2,2.9,34.1,1615763.0
4765.0,6,4,54.0,3,2.9,30.3,1475412.0
1000.0,2,2,7.0,1,6.0,18.5,490421.0
2536.0,3,2,32.0,1,6.9,24.9,846148.0
1226.0,1,1,53.0,3,4.8,27.8,495335.0
5261.0,6,4,25.0,1,7.0,21.0,1596027.0
3966.0,5,4,29.0,4,3.9,19.6,1589481.0
2387.0,3,2,4.0,1,1.0,26.2,798296.0
943.0,1,1,17.0,1,4.6,22.7,389291.0
2279.0,2,2,19.0,1,5.6,26.1,752419.0
2356.0,3,2,57.0,4,4.9,24.9,672393.0
4540.0,6,4,17.0,0,3.0,29.0,1374615.0
4043.0,5,4,28.0,2,1.5,26.1,1267851.0
5391.0,6,4,40.0,1,4.4,21.3,1157814.0
3150.0,5,3,10.0,0,7.5,27.6,1184514.0
1246.0,2,1,29.0,2,8.3,18.5,686436.0
4452.0,6,4,44.0,1,8.1,10.4,1791782.0
4708.0,5,3,52.0,1,3.7,1.1,1441661.0
3631.0,5,3,38.0,0,3.0,22.8,1212931.0
4763.0,6,4,40.0,1,6.6,24.0,1537158.0
3266.0,5,4,8.0,1,6.9,38.9,1286775.0
3423.0,5,4,57.0,1,6.4,15.1,1566222.0
2909.0,5,3,8.0,0,1.1,16.4,1140955.0
737.0,1,1,46.0,4,3.6,8.9,350918.0
1183.0,2,2,16.0,1,5.4,3.8,524630.0
770.0,1,1,56.0,2,6.6,31.1,386091.0
4037.0,5,3,43.0,1,7.2,10.7,1091088.0
2298.0,3,2,45.0,1,5.8,24.7,805208.0
3346.0,4,3,13.0,1,6.2,27.8,1331936.0
5501.0,6,4,27.0,1,5.7,19.4,2092200.0
1946.0,3,2,37.0,1,7.0,35.2,839808.0
2816.0,3,2,46.0,1,6.2,18.3,1048095.0
4680.0,6,5,6.0,1,5.6,12.1,1667472.0
1836.0,3,2,58.0,0,4.9,35.9,688568.0
1016.0,1,1,53.0,1,5.7,34.6,323644.0
2165.0,2,2,16.0,0,6.6,7.4,749398.0
1471.0,2,2,49.0,0,6.1,2.0,625444.0
5620.0,6,4,31.0,3,6.3,4.5,2025968.0
4964.0,6,4,28.0,1,8.5,12.2,1323577.0
4020.0,5,4,19.0,1,6.1,38.9,1531704.0
5306.0,6,4,35.0,1,4.1,22.8,1972493.0
4940.0,6,4,44.0,3,7.4,15.6,1759164.0
1607.0,2,2,25.0,1,2.5,35.7,727340.0
5420.0,6,4,38.0,2,3.1,18.7,1602535.0
3512.0,4,3,42.0,1,6.2,13.3,1194408.0
4960.0,6,4,43.0,4,6.6,37.7,1631784.0
5439.0,6,4,3.0,2,2.8,34.1,1775586.0
2317.0,4,3,52.0,2,4.7,33.9,805705.0
1194.0,1,1,27.0,0,4.2,21.0,340241.0
1831.0,3,2,16.0,0,4.4,31.8,624000.0
2906.0,4,3,15.0,0,7.6,8.0,1147733.0
5017.0,6,4,29.0,0,7.1,23.4,2092421.0
5248.0,6,4,53.0,2,5.5,39.4,2326368.0
638.0,1,1,23.0,0,4.3,12.3,359431.0
3358.0,4,3,45.0,0,2.5,32.0,944408.0
2854.0,3,2,6.0,0,8.6,20.1,1000169.0
1799.0,2,2,29.0,0,6.8,2.6,737304.0
1247.0,1,1,60.0,0,3.9,30.8,483838.0
2423.0,4,3,46.0,2,7.1,7.6,973401.0
5692.0,6,5,13.0,1,5.3,25.6,1570347.0
2345.0,3,2,30.0,0,4.9,4.3,804564.0
3401.0,4,3,14.0,1,6.5,37.9,1368920.0
4396.0,5,3,25.0,1,3.9,12.4,1642433.0
2564.0,3,2,47.0,0,4.7,9.8,868649.0
5848.0,6,4,46.0,1,5.8,6.0,2186658.0
5797.0,6,4,14.0,1,4.4,37.9,1259914.0
1960.0,2,2,55.0,2,7.0,28.8,758146.0
3285.0,4,3,36.0,2,9.6,29.9,1447634.0
2225.0,4,3,23.0,0,3.8,20.5,730785.0
2138.0,2,2,30.0,4,1.8,19.5,627763.0
799.0,1,1,36.0,2,1.1,5.3,195478.0
3892.0,5,4,34.0,3,5.2,22.8,1738644.0
3314.0,4,3,29.0,0,4.0,10.6,1031033.0
878.0,1,1,30.0,3,6.0,39.1,401081.0
2105.0,3,3,11.0,2,5.8,32.1,928408.0
5505.0,6,4,49.0,2,2.0,17.1,2168987.0
1894.0,3,2,33.0,0,1.5,6.9,625994.0
1382.0,2,2,8.0,2,6.2,31.6,564606.0
3243.0,4,3,46.0,4,5.8,5.8,1246461.0
5923.0,6,4,56.0,1,4.6,8.4,2331409.0
1907.0,3,3,57.0,1,1.9,9.2,645426.0
4230.0,5,4,22.0,3,6.5,22.7,1326970.0
4713.0,5,4,8.0,1,8.3,31.7,1318763.0
1883.0,3,2,31.0,1,6.1,13.3,626423.0
4532.0,6,4,7.0,1,3.6,4.3,1811986.0
2586.0,2,2,56.0,3,5.6,19.1,865502.0
4014.0,5,3,11.0,0,2.5,30.2,1196540.0
4021.0,5,4,15.0,1,7.8,9.6,1373484.0
3493.0,4,3,24.0,1,5.7,9.6,1287391.0
1088.0,2,3,23.0,2,1.6,37.9,388944.0
5111.0,6,5,48.0,1,4.8,38.2,1648937.0
2332.0,3,2,27.0,3,6.5,39.6,1059114.0
1607.0,2,2,10.0,3,4.8,32.5,792108.0
820.0,1,1,16.0,0,4.9,8.3,290203.0
3791.0,5,4,31.0,1,2.8,9.3,1381184.0
4259.0,6,4,9.0,0,6.7,14.3,1399220.0
690.0,1,1,37.0,0,4.1,13.4,278921.0
3365.0,4,3,34.0,1,1.0,38.3,1088878.0
1823.0,3,2,43.0,3,4.7,31.8,661604.0
4084.0,5,4,56.0,2,7.7,29.2,1530087.0
1542.0,2,2,55.0,0,4.6,8.3,638444.0
4331.0,6,4,57.0,0,9.3,36.5,1649117.0
2688.0,4,2,15.0,1,6.4,33.3,906955.0
5658.0,6,4,8.0,1,6.2,7.4,1797815.0
1343.0,2,1,18.0,0,5.2,35.0,397363.0
2442.0,3,2,54.0,3,5.3,11.6,781873.0
1213.0,1,1,58.0,3,4.9,4.2,620372.0
5593.0,6,4,52.0,1,4.8,26.6,1622074.0
5338.0,6,4,7.0,3,6.7,26.5,1557029.0
1993.0,2,2,57.0,1,3.4,4.7,719475.0
4164.0,5,3,25.0,2,3.1,13.4,1384721.0
5013.0,6,4,1.0,1,3.0,39.7,1616611.0
3598.0,5,3,27.0,0,10.0,27.5,1691279.0
3460.0,4,3,3.0,3,6.7,29.5,1407148.0
1906.0,2,2,33.0,1,6.2,9.3,700846.0
1103.0,1,1,20.0,2,3.2,4.1,408862.0
5445.0,6,4,28.0,1,6.9,11.8,1768288.0
5462.0,6,4,37.0,0,5.2,10.7,2094563.0
4019.0,5,3,52.0,0,6.0,10.1,1337607.0
2431.0,4,2,40.0,1,3.4,8.5,630748.0
2486.0,3,2,26.0,1,5.9,23.4,911153.0
4520.0,6,5,49.0,0,4.6,13.8,1216197.0
5444.0,6,4,54.0,1,3.8,33.0,2331646.0
5390.0,5,3,7.0,1,7.1,8.2,1611734.0
4811.0,6,4,32.0,1,2.1,19.1,1544815.0
4067.0,5,4,17.0,1,6.7,1.5,1592486.0
1054.0,1,1,3.0,3,7.0,19.8,509173.0
1473.0,2,1,40.0,1,3.6,3.2,515864.0
5452.0,6,4,52.0,1,3.7,39.1,1858240.0
3875.0,5,4,10.0,0,5.0,31.8,1690878.0
650.0,1,2,49.0,0,6.1,20.1,376920.0
1148.0,2,2,51.0,0,5.2,4.4,608081.0
4183.0,6,4,55.0,1,6.5,24.1,1259446.0
627.0,2,2,16.0,0,9.4,30.6,486809.0
1468.0,2,2,54.0,0,4.4,8.4,566971.0
3563.0,4,3,19.0,2,1.7,23.2,1232153.0
4336.0,5,4,33.0,0,7.3,32.8,1857692.0
4121.0,5,4,3.0,0,9.2,31.0,1519936.0
1811.0,2,2,3.0,0,6.4,32.3,680869.0
4446.0,6,4,43.0,2,3.1,35.3,1594461.0
1881.0,2,2,27.0,0,5.2,37.6,493265.0
2357.0,3,2,15.0,1,3.0,16.8,795963.0
4631.0,6,4,11.0,1,6.9,23.2,1650550.0
4108.0,5,4,40.0,1,2.5,31.8,1159063.0
5186.0,6,4,0.0,1,4.8,28.2,2068790.0
4151.0,5,3,48.0,2,3.3,39.8,1122287.0
3669.0,5,3,5.0,0,5.8,1.5,1343270.0
1106.0,1,1,11.0,0,4.7,14.9,470538.0
2586.0,3,2,23.0,0,5.9,12.0,1154716.0
2032.0,2,1,29.0,0,5.5,11.2,736693.0
1918.0,2,1,21.0,0,3.3,9.7,748495.0
5854.0,6,3,19.0,0,6.9,28.7,2174507.0
2723.0,3,2,58.0,1,5.4,4.3,984308.0
5417.0,6,4,38.0,1,3.3,29.9,1471632.0
4008.0,5,3,1.0,1,10.0,28.0,1216551.0
4892.0,5,3,26.0,2,6.5,10.8,1738716.0
3314.0,5,3,53.0,0,5.2,10.9,1084896.0
3715.0,5,4,18.0,0,8.6,25.5,1631082.0
3260.0,3,2,6.0,1,9.6,30.7,1389152.0
1654.0,2,2,46.0,0,5.2,35.2,574512.0
4501.0,5,3,36.0,0,6.3,34.2,1257276.0
2116.0,3,2,34.0,1,3.3,38.6,758290.0
731.0,2,2,3.0,3,5.2,23.7,367643.0
4086.0,4,3,8.0,2,5.1,36.4,1241654.0
1556.0,2,2,37.0,0,5.9,32.5,509814.0
5678.0,6,4,12.0,2,6.2,35.9,1903617.0
5751.0,6,4,30.0,2,6.7,1.5,2373429.0
5540.0,6,4,33.0,1,6.0,38.7,1859030.0
2599.0,3,2,17.0,2,2.8,19.5,831414.0
683.0,1,1,57.0,1,3.4,32.1,170003.0
5613.0,6,4,51.0,0,4.3,6.0,2014725.0
2912.0,4,3,43.0,1,4.9,16.4,927977.0
5820.0,6,4,5.0,1,7.8,11.6,2108026.0
5804.0,6,4,6.0,1,2.9,12.4,1823929.0
5206.0,6,4,30.0,1,4.7,5.8,2018898.0
2190.0,2,1,10.0,4,7.6,32.4,845644.0
2680.0,3,2,59.0,3,4.8,1.4,953283.0
5196.0,6,4,10.0,3,6.5,13.2,2008148.0
2311.0,2,2,29.0,2,5.2,7.8,1136592.0
1515.0,2,2,22.0,3,6.1,24.0,743090.0
3607.0,5,3,38.0,0,5.0,10.9,1257264.0
5655.0,6,4,8.0,0,7.0,11.1,1991148.0
4359.0,6,4,26.0,1,2.1,20.0,1347021.0
3678.0,4,3,16.0,2,4.7,26.5,1101147.0
1125.0,1,1,53.0,1,6.2,5.7,434972.0
3921.0,6,4,2.0,2,6.7,7.8,1351419.0
5946.0,6,4,55.0,0,8.8,10.6,2268942.0
1356.0,2,1,50.0,0,4.6,39.0,376414.0
3399.0,4,2,18.0,2,8.8,16.5,1568387.0
5338.0,6,4,47.0,0,4.1,24.4,1945977.0
4600.0,5,3,2.0,1,8.4,10.4,1707473.0
4364.0,5,3,58.0,0,7.3,20.1,1510515.0
4393.0,5,3,32.0,1,3.5,3.9,1359251.0
2541.0,3,2,18.0,1,6.2,2.4,1029146.0
2185.0,3,2,22.0,1,5.4,19.3,968143.0
4971.0,6,4,4.0,1,6.9,16.5,1610494.0
4975.0,6,4,59.0,0,5.0,6.3,1301477.0
5282.0,6,4,2.0,2,4.8,27.8,2012548.0
5531.0,6,4,39.0,1,8.5,39.7,2011493.0
3361.0,4,3,27.0,1,5.3,16.4,1005102.0
3308.0,5,4,57.0,2,7.3,25.4,1118476.0
4911.0,6,4,15.0,0,5.0,38.6,1452973.0
4110.0,5,4,32.0,3,9.2,33.4,1390336.0
4391.0,6,4,29.0,1,4.0,19.1,1448391.0
4897.0,6,4,42.0,1,4.1,29.8,1566615.0
5406.0,6,4,4.0,0,8.9,6.0,1793208.0
2425.0,3,2,12.0,3,4.5,21.0,800614.0
2628.0,3,2,13.0,2,9.0,11.9,1053601.0
1108.0,2,2,44.0,0,7.5,7.3,567771.0
3723.0,4,3,11.0,0,5.2,17.6,1250340.0
794.0,1,1,34.0,2,1.5,6.1,331077.0
3114.0,4,3,13.0,1,5.5,28.3,1226472.0
3530.0,4,3,52.0,2,5.7,18.8,945788.0
2147.0,3,2,57.0,1,8.1,21.7,917990.0
3790.0,4,3,31.0,2,9.0,6.7,1585996.0
765.0,1,1,21.0,1,4.0,6.5,326371.0
802.0,1,1,14.0,0,7.3,23.8,325230.0
5042.0,6,5,3.0,1,7.2,39.4,1821041.0
2545.0,3,3,16.0,4,7.9,4.8,1094652.0
1286.0,2,2,39.0,0,6.6,12.1,479050.0
3420.0,4,3,32.0,1,1.2,34.9,837060.0
4758.0,6,4,57.0,1,5.2,3.8,1631277.0
1765.0,2,1,24.0,1,3.0,35.2,546696.0
3964.0,5,3,42.0,2,5.1,21.4,1288046.0
1061.0,2,2,29.0,2,7.7,16.9,559860.0
879.0,1,1,31.0,0,6.2,13.1,341593.0
3469.0,5,3,16.0,4,8.0,12.6,1293237.0
3519.0,5,3,27.0,2,6.3,12.9,1421080.0
4042.0,5,3,28.0,2,2.6,35.5,1247659.0
4521.0,6,4,42.0,1,1.0,29.2,1079125.0
5870.0,6,4,56.0,2,5.8,27.1,1811131.0
3388.0,4,3,20.0,0,5.0,32.2,988116.0
2344.0,3,2,3.0,1,3.4,11.0,893028.0
4894.0,6,4,30.0,3,1.8,25.1,1686791.0
2062.0,3,2,33.0,0,3.9,18.9,550919.0
2970.0,4,3,10.0,0,5.1,31.5,1198137.0
1024.0,1,1,46.0,2,7.0,13.1,395226.0
737.0,2,2,59.0,2,5.9,26.1,461056.0
5798.0,6,4,57.0,0,9.0,35.4,1969184.0
5114.0,6,4,12.0,2,3.2,16.7,1412561.0
4358.0,6,5,53.0,1,7.4,3.6,1357422.0
2808.0,3,2,42.0,1,5.6,21.1,1035786.0
1536.0,2,2,27.0,2,7.0,14.5,646918.0
1445.0,1,1,32.0,1,4.5,27.2,495332.0
1951.0,2,2,51.0,0,7.9,38.1,916328.0
3566.0,4,3,29.0,0,6.1,19.9,1135694.0
4459.0,6,4,22.0,1,4.0,19.2,1563005.0
4165.0,6,4,30.0,1,5.5,26.5,1803639.0
2112.0,3,3,35.0,2,5.0,5.0,885008.0
5756.0,6,4,11.0,2,6.6,10.9,1535739.0
4585.0,6,4,54.0,1,2.9,36.8,1596201.0
3594.0,4,2,40.0,2,5.4,27.1,1007180.0
3903.0,4,3,38.0,0,6.4,1.5,1687900.0
2866.0,4,3,6.0,0,5.6,9.0,969405.0
1938.0,3,2,36.0,2,8.5,27.6,1195850.0
2522.0,3,2,7.0,0,7.2,30.8,1175769.0
4692.0,6,4,5.0,0,5.5,33.8,1445300.0
678.0,1,1,32.0,1,6.0,12.4,358559.0
1227.0,2,2,24.0,1,6.2,37.3,590964.0
848.0,1,1,35.0,3,6.4,22.6,462380.0
820.0,1,1,5.0,0,1.5,28.2,282008.0
5219.0,6,4,26.0,0,4.8,24.3,2091918.0
4400.0,5,4,10.0,0,2.2,5.8,1463036.0
3161.0,4,3,59.0,1,8.3,38.6,1093232.0
1128.0,1,1,34.0,1,5.4,5.8,451515.0
3255.0,4,3,41.0,1,5.1,10.9,1314927.0
3157.0,4,2,20.0,3,7.5,32.7,1246264.0
1535.0,2,2,6.0,3,6.4,25.1,717053.0
2943.0,3,3,59.0,0,3.0,33.7,1037670.0
2752.0,3,3,17.0,1,5.3,21.1,706413.0
3926.0,6,4,25.0,1,4.8,15.7,1491054.0
4030.0,5,4,39.0,4,1.7,37.0,1365918.0
845.0,1,1,1.0,4,4.0,2.4,540610.0
2623.0,4,3,49.0,0,5.1,34.4,714431.0
3980.0,5,3,32.0,2,5.2,10.0,1743370.0
3317.0,5,4,17.0,1,2.2,34.1,1151812.0
5225.0,6,4,4.0,0,8.0,6.4,2051174.0
4157.0,5,4,10.0,0,5.3,23.6,1849693.0
1480.0,2,2,54.0,1,5.6,35.6,599048.0
981.0,1,1,41.0,1,6.4,19.5,455255.0
4069.0,5,3,15.0,0,3.8,30.1,1413092.0
743.0,1,1,4.0,1,6.5,32.4,359003.0
3763.0,5,3,41.0,0,4.7,29.7,1266630.0
5677.0,6,4,34.0,1,3.5,37.1,1633285.0
3708.0,6,4,24.0,0,6.8,18.4,1396823.0
2696.0,4,3,22.0,0,8.8,7.8,734826.0
4074.0,5,3,13.0,1,7.1,2.9,1616421.0
3075.0,3,2,40.0,0,7.5,10.6,1103048.0
3546.0,4,3,58.0,1,4.4,6.6,1153188.0
5684.0,6,4,11.0,0,2.0,22.8,1894327.0
2685.0,3,2,36.0,1,8.8,8.2,840236.0
5790.0,6,4,25.0,0,10.0,2.5,2715773.0
5489.0,6,4,27.0,1,8.9,2.4,1968778.0
1657.0,1,2,15.0,2,4.8,33.4,606399.0
975.0,2,2,50.0,0,3.0,24.1,302861.0
1144.0,1,1,29.0,1,3.2,15.0,409566.0
698.0,1,1,33.0,0,1.8,35.9,232248.0
1110.0,2,2,18.0,1,5.3,3.7,624518.0
4288.0,5,3,11.0,0,9.0,39.2,1758807.0
984.0,1,1,5.0,1,5.2,25.0,465230.0
2322.0,3,2,43.0,1,6.2,8.2,840049.0
5162.0,6,4,12.0,3,8.5,27.5,1478763.0
726.0,2,2,41.0,1,4.6,30.8,326753.0
4998.0,6,4,23.0,1,10.0,17.7,1803288.0
2122.0,3,3,25.0,1,9.9,34.6,1086887.0
1238.0,1,1,28.0,4,5.2,6.9,560983.0
4362.0,5,4,22.0,2,4.2,11.9,1901537.0
3996.0,6,4,6.0,0,7.0,4.6,1815858.0
5338.0,6,4,19.0,2,4.7,9.2,1720938.0
4569.0,6,4,40.0,1,3.0,10.3,1130499.0
4939.0,6,4,40.0,2,8.3,36.8,2127131.0
2123.0,3,2,17.0,2,8.2,4.0,1127032.0
1558.0,2,1,28.0,0,5.8,17.7,480028.0
4653.0,6,4,12.0,1,2.7,21.8,1932082.0
4957.0,6,4,13.0,0,2.8,36.0,1719515.0
5949.0,6,4,1.0,0,5.7,39.9,2039753.0
2828.0,3,2,54.0,0,4.4,30.4,1137653.0
2609.0,4,3,13.0,2,4.7,38.9,1162012.0
4793.0,6,4,14.0,0,7.7,31.7,1892543.0
2440.0,3,2,17.0,0,7.1,38.6,977322.0
5626.0,6,4,8.0,2,8.5,28.6,2198772.0
5235.0,6,4,38.0,0,3.3,4.1,1640185.0
2917.0,4,3,5.0,0,4.7,16.7,1073864.0
4655.0,5,4,8.0,0,7.2,26.2,1442295.0
4675.0,6,4,39.0,1,6.5,14.7,1584698.0
1157.0,1,2,20.0,1,8.9,11.7,583707.0
5474.0,6,4,42.0,0,6.4,23.5,1681442.0
3328.0,4,3,33.0,4,9.6,37.4,1330008.0
5063.0,6,4,15.0,2,6.7,2.4,1752974.0
2328.0,2,2,39.0,0,7.8,31.0,933020.0
5436.0,6,4,7.0,0,4.8,29.2,1388853.0
2702.0,4,3,32.0,1,5.5,38.6,965678.0
659.0,1,1,26.0,1,7.5,37.3,362796.0
5489.0,6,4,16.0,0,9.0,30.7,1863281.0
1093.0,2,2,36.0,0,7.1,21.3,509480.0
2324.0,3,2,52.0,2,5.3,9.0,655752.0
5730.0,6,4,60.0,0,8.5,22.3,2075863.0
5733.0,6,4,36.0,1,1.0,30.8,1957334.0
3697.0,5,4,24.0,2,2.4,35.9,1340845.0
4012.0,5,4,14.0,1,7.0,31.8,1705841.0
3022.0,4,2,15.0,1,5.5,8.6,1149768.0
2183.0,3,3,29.0,1,6.8,24.4,946740.0
2375.0,4,3,22.0,0,5.6,14.0,962191.0
4232.0,6,4,55.0,2,6.8,1.4,1728617.0
4663.0,4,3,22.0,1,3.7,8.8,1180865.0
4875.0,6,4,22.0,2,6.8,5.4,1540229.0
4864.0,6,4,23.0,4,7.7,33.9,2189996.0
1093.0,1,1,50.0,3,8.2,11.1,337752.0
3270.0,4,3,39.0,3,9.9,12.1,1296279.0
911.0,2,2,37.0,1,6.0,38.4,493408.0
3567.0,5,4,20.0,1,6.1,15.8,1328371.0
2984.0,3,2,49.0,1,2.1,1.4,904526.0
5394.0,6,4,2.0,1,4.3,12.1,1892154.0
2495.0,3,3,52.0,3,5.1,5.7,898271.0
1232.0,1,2,31.0,0,7.8,5.0,600235.0
1372.0,1,2,24.0,3,4.2,4.0,516857.0
4712.0,6,4,30.0,2,7.3,24.1,1988032.0
3938.0,5,4,40.0,4,5.5,8.4,1763928.0
1146.0,2,1,1.0,3,5.1,15.1,524902.0
1054.0,2,2,52.0,0,6.0,34.6,346990.0
4385.0,6,4,27.0,0,4.6,17.5,1412461.0
993.0,1,2,21.0,0,4.6,36.7,385112.0
5038.0,6,4,8.0,0,1.7,20.4,1776781.0
4414.0,6,4,26.0,1,5.0,16.6,1327858.0
1039.0,2,2,30.0,2,4.4,30.3,392762.0
1058.0,2,1,24.0,3,4.4,3.9,520510.0
5928.0,6,4,41.0,1,6.4,4.5,2318241.0
2621.0,3,2,25.0,0,6.9,26.4,878855.0
2601.0,4,3,58.0,0,6.0,20.0,768981.0
4989.0,6,3,36.0,0,7.7,31.8,2570464.0
5715.0,6,4,48.0,1,6.8,36.7,2141545.0
5924.0,6,5,7.0,1,4.9,16.1,1957430.0
4668.0,5,4,24.0,0,4.5,24.3,1786904.0
2632.0,3,2,20.0,1,6.2,20.5,961020.0
1051.0,1,1,34.0,0,6.8,39.3,477955.0
4797.0,6,4,52.0,1,8.6,33.4,1752629.0
3615.0,4,3,5.0,1,8.1,36.6,1366113.0
2891.0,3,2,4.0,1,4.3,10.9,1017311.0
5494.0,6,4,51.0,1,5.3,31.1,1424515.0
1200.0,2,1,13.0,4,7.0,11.4,782649.0
3260.0,4,3,40.0,0,7.8,9.1,1061994.0
661.0,1,1,33.0,1,7.6,37.8,279229.0
3131.0,4,3,50.0,2,5.4,1.8,1117823.0
904.0,1,1,8.0,1,2.7,38.7,265423.0
1242.0,1,1,8.0,3,3.3,6.8,494564.0
1235.0,1,1,33.0,1,6.1,33.0,526302.0
4106.0,5,4,57.0,1,6.3,11.8,1685668.0
4629.0,6,4,25.0,0,3.1,14.7,1757965.0
3750.0,5,3,20.0,1,5.6,9.5,1303660.0
5796.0,6,4,36.0,0,6.9,23.8,1984070.0
2624.0,2,2,56.0,0,3.0,14.6,876086.0
2143.0,3,2,50.0,1,7.9,26.6,620720.0
5290.0,6,4,60.0,1,4.7,1.6,1941409.0
1807.0,2,2,1.0,0,8.3,3.5,648983.0
5801.0,6,4,7.0,1,4.3,4.9,2583202.0
666.0,2,1,37.0,1,3.2,17.3,263839.0
5837.0,6,4,49.0,0,4.5,32.8,1830176.0
833.0,1,1,17.0,1,5.3,35.6,315756.0
5412.0,6,4,14.0,2,4.6,10.5,1691482.0
3450.0,5,3,47.0,1,5.0,23.4,1618860.0
5962.0,6,4,3.0,1,6.2,31.0,2319953.0
999.0,1,2,22.0,0,5.1,12.3,348276.0
3591.0,4,3,30.0,1,5.4,17.0,1556181.0
5834.0,6,4,34.0,3,1.7,21.4,2207366.0
3425.0,4,2,44.0,1,6.4,6.3,1172748.0
3999.0,5,3,21.0,0,5.3,2.0,1494613.0
4357.0,6,3,37.0,1,9.0,7.0,1631666.0
3055.0,4,3,35.0,3,3.4,25.4,1376898.0
3989.0,6,4,33.0,0,1.5,3.9,1190927.0
3755.0,5,4,38.0,4,6.9,8.4,1475066.0
5466.0,6,4,16.0,4,6.3,14.2,1817986.0
845.0,1,1,5.0,0,3.3,4.0,287133.0
2117.0,2,1,7.0,3,2.1,8.5,967023.0
5732.0,6,4,13.0,1,8.9,36.5,1663862.0
5407.0,6,4,30.0,2,8.6,1.8,2040946.0
3061.0,4,2,50.0,1,1.0,26.5,684786.0
3949.0,5,4,42.0,1,4.5,16.0,1299613.0
2098.0,2,2,47.0,1,9.2,27.2,902918.0
1616.0,3,2,21.0,2,4.5,24.0,569626.0
3104.0,4,3,24.0,0,4.4,9.7,1213890.0
2508.0,3,3,24.0,1,4.9,34.0,873131.0
3752.0,5,3,12.0,0,3.0,20.2,1496090.0
1020.0,1,1,4.0,1,1.7,33.1,396426.0
5862.0,6,4,35.0,1,7.8,16.8,1857571.0
5926.0,6,4,59.0,1,1.4,39.4,1826991.0
4370.0,5,4,10.0,0,6.0,31.0,1586201.0
3495.0,4,3,3.0,0,7.5,38.7,1405043.0
2271.0,2,1,47.0,0,2.3,21.1,677833.0
4994.0,6,4,15.0,0,3.5,19.5,1731244.0
4298.0,5,4,50.0,1,8.2,30.5,1491815.0
1478.0,2,2,42.0,4,6.7,35.3,638039.0
5519.0,6,4,57.0,0,4.1,38.6,2105703.0
5042.0,6,4,25.0,4,8.1,13.7,2045138.0
5729.0,6,4,40.0,2,8.2,32.1,2197299.0
4519.0,6,4,28.0,1,6.1,9.2,1813476.0
3912.0,5,3,38.0,1,3.5,22.3,1277805.0
2859.0,4,3,27.0,2,4.6,8.0,1123673.0
5637.0,6,4,11.0,0,6.1,14.5,1632015.0
5277.0,6,4,30.0,1,5.1,37.3,2102748.0
844.0,1,1,32.0,1,7.6,6.7,267426.0
742.0,1,1,49.0,1,2.1,25.7,219205.0
2633.0,4,3,44.0,2,2.2,24.1,1045155.0
4977.0,6,4,40.0,0,5.9,5.7,1384578.0
5931.0,6,4,7.0,1,4.4,13.7,2121115.0
1412.0,2,1,43.0,1,4.1,23.0,446271.0
3808.0,5,3,30.0,1,1.6,8.3,1190451.0
2657.0,3,2,54.0,0,5.5,32.2,1022596.0
5838.0,6,4,55.0,1,5.4,38.9,1955864.0
5147.0,6,4,3.0,3,6.9,9.4,1308838.0
5127.0,6,4,49.0,1,5.7,8.3,1511737.0
3131.0,5,3,2.0,2,5.2,18.7,1370761.0
2840.0,3,2,22.0,1,8.1,30.2,1143419.0
2076.0,2,2,33.0,0,2.6,12.0,875448.0
904.0,1,1,9.0,0,6.7,1.8,597370.0
5270.0,6,4,45.0,0,1.8,22.1,1586480.0
4990.0,6,5,1.0,1,3.7,38.3,2353664.0
5998.0,6,4,10.0,0,2.8,16.3,1963751.0
5982.0,6,4,35.0,2,7.2,17.4,1765448.0
3599.0,4,3,43.0,2,5.4,38.8,1111066.0
4753.0,6,4,55.0,0,5.5,28.1,1063777.0
5702.0,6,4,42.0,0,3.1,29.0,2258970.0
5188.0,6,4,40.0,0,4.8,22.9,2153007.0
1936.0,3,2,24.0,1,3.8,39.0,576232.0
3033.0,4,3,0.0,0,6.3,27.9,1106220.0
1297.0,2,2,7.0,0,3.3,35.9,489325.0
5752.0,6,4,32.0,3,8.4,28.3,1734440.0
3873.0,4,3,41.0,2,1.8,29.7,900969.0
1835.0,3,3,25.0,0,3.7,12.3,692502.0
4227.0,5,3,44.0,1,9.2,12.8,1490101.0
3938.0,5,4,31.0,1,4.5,31.5,1284786.0
2534.0,3,2,4.0,2,2.6,12.6,924251.0
1213.0,1,1,12.0,1,6.0,22.9,622476.0
4226.0,6,4,50.0,0,4.5,10.7,1402819.0
3410.0,4,2,43.0,2,3.7,32.9,1135260.0
4771.0,6,4,54.0,1,3.1,5.3,1772858.0
3409.0,4,3,7.0,0,10.0,33.3,1447046.0
5202.0,6,4,59.0,1,4.9,24.5,1569005.0
3580.0,4,3,13.0,1,1.3,8.3,1206072.0
3629.0,5,4,1.0,1,8.8,22.1,1571080.0
5334.0,6,4,60.0,0,6.8,12.0,1520645.0
2779.0,4,3,17.0,1,3.8,13.6,1212990.0
1324.0,1,1,40.0,0,3.4,14.7,536011.0
755.0,1,1,11.0,2,7.0,3.5,408838.0
4678.0,6,4,35.0,0,5.0,39.5,1622789.0
3950.0,5,3,54.0,0,1.3,2.2,1384903.0
4402.0,6,5,19.0,1,9.4,26.8,1564916.0
1750.0,2,1,40.0,2,4.5,15.5,675387.0
1336.0,2,2,11.0,2,8.8,26.2,696565.0
679.0,1,1,37.0,1,8.3,14.9,320189.0
2493.0,3,2,20.0,0,3.3,27.3,894826.0
3786.0,4,2,13.0,2,7.8,29.4,1144051.0
2718.0,2,2,19.0,1,4.1,27.9,1041678.0
2962.0,4,3,11.0,0,1.4,5.4,913694.0
5482.0,6,4,54.0,3,4.6,26.6,1776980.0
2481.0,3,2,24.0,0,6.4,11.9,1137965.0
3376.0,4,3,15.0,4,4.5,2.1,1353462.0
4832.0,6,4,27.0,2,4.8,17.2,1411389.0
2741.0,3,2,19.0,1,8.0,17.9,903935.0
3959.0,5,3,45.0,3,5.7,19.2,1274148.0
5257.0,6,4,58.0,2,3.6,28.5,1812802.0
5727.0,6,5,26.0,0,7.0,13.0,2122934.0
1394.0,2,1,52.0,1,5.9,13.3,480137.0
5604.0,6,5,34.0,0,1.0,3.4,1501523.0
3257.0,4,3,9.0,1,6.4,27.8,1261049.0
1995.0,3,2,41.0,2,6.4,23.1,764830.0
3079.0,4,3,31.0,1,5.5,14.6,1499508.0
5892.0,6,4,39.0,0,7.5,28.5,2012652.0
3260.0,4,3,53.0,1,4.0,22.0,1400953.0
2375.0,3,2,26.0,2,6.2,19.3,752073.0
4020.0,5,3,54.0,0,2.1,20.9,971772.0
1897.0,3,2,45.0,1,6.4,25.8,615488.0
1010.0,1,1,29.0,0,9.8,26.7,617222.0
1296.0,1,1,36.0,1,3.3,12.3,568220.0
1291.0,2,2,20.0,0,3.8,6.5,470362.0
1420.0,2,2,59.0,1,3.9,7.1,496422.0
1350.0,2,2,40.0,0,5.8,25.9,449908.0
4061.0,5,4,3.0,0,3.2,35.0,1005260.0
1582.0,2,1,20.0,3,6.4,17.0,740139.0
2467.0,4,2,37.0,0,7.4,7.6,1012030.0
5443.0,6,4,3.0,1,6.7,30.5,1905568.0
3159.0,4,3,1.0,0,1.6,33.5,819592.0
4205.0,5,3,27.0,1,7.7,35.3,1865163.0
1531.0,1,1,20.0,1,7.6,24.7,585201.0
1638.0,2,2,26.0,0,7.3,34.6,722939.0
821.0,2,2,16.0,0,6.3,1.6,378709.0
1512.0,2,2,10.0,1,6.0,5.2,660802.0
2104.0,3,2,41.0,1,7.8,4.6,918160.0
1556.0,1,1,31.0,2,9.7,28.8,722138.0
1079.0,1,1,12.0,1,3.4,3.7,446342.0
1251.0,1,1,19.0,1,7.9,20.4,614372.0
3088.0,4,3,36.0,0,5.3,19.4,918034.0
1714.0,3,2,4.0,0,5.2,13.1,737985.0
2567.0,3,2,9.0,0,2.1,34.9,838118.0
3318.0,4,3,4.0,0,4.9,7.6,1259632.0
4328.0,6,4,49.0,0,3.3,14.7,1475083.0
812.0,1,1,45.0,1,4.5,31.2,245229.0
4917.0,6,4,45.0,1,3.1,2.2,1328124.0
3991.0,6,4,43.0,3,4.5,27.2,943531.0
1041.0,1,1,40.0,0,4.6,32.8,407641.0
5317.0,6,4,29.0,1,5.7,37.4,2019940.0
5573.0,6,4,39.0,2,1.9,35.2,1987202.0
930.0,1,1,2.0,1,2.3,13.5,374231.0
2095.0,3,2,37.0,0,6.3,23.9,540850.0
4953.0,6,4,47.0,0,3.7,4.0,1410561.0
4641.0,6,4,30.0,0,7.9,11.1,1748215.0
1596.0,2,2,21.0,0,6.0,4.7,694680.0
1730.0,2,1,17.0,2,6.8,13.3,696944.0
2601.0,3,2,39.0,0,8.6,35.1,1033633.0
3216.0,5,4,42.0,0,4.8,14.5,1181006.0
3939.0,4,3,52.0,1,4.2,22.9,1319932.0
2592.0,3,2,21.0,2,7.4,17.9,918720.0
3098.0,5,4,46.0,1,6.6,18.9,1368402.0
4636.0,6,4,34.0,1,5.1,38.8,1478557.0
798.0,1,1,53.0,1,8.6,12.6,350665.0
1963.0,2,2,32.0,0,5.0,25.5,624213.0
4452.0,5,3,31.0,1,5.6,17.4,1454602.0
5434.0,6,4,35.0,1,5.5,3.4,2157842.0
3363.0,3,2,45.0,4,3.4,20.1,1099738.0
3473.0,5,4,58.0,0,5.7,32.7,1189630.0
1179.0,1,2,4.0,1,8.6,4.9,525667.0
3016.0,4,3,3.0,0,6.5,3.7,1325687.0
3476.0,4,3,56.0,1,5.6,7.0,1109741.0
1909.0,3,2,32.0,0,5.1,30.8,693243.0
2054.0,2,2,37.0,0,6.2,29.2,918718.0
2637.0,4,3,29.0,2,7.1,23.0,1131266.0
708.0,2,2,6.0,1,6.8,19.3,345636.0
2339.0,2,1,46.0,1,4.8,35.6,550872.0
1742.0,2,1,45.0,0,6.2,30.9,615888.0
2368.0,3,2,19.0,0,6.6,32.7,725428.0
1247.0,2,2,18.0,1,3.3,32.7,516315.0
5409.0,6,4,50.0,2,5.9,26.1,1844051.0
3805.0,4,2,4.0,4,1.0,18.9,1264971.0
4267.0,6,4,53.0,1,6.6,34.7,1344257.0
4862.0,6,4,15.0,1,7.0,37.1,2171726.0
3292.0,4,3,36.0,2,7.1,1.9,1803353.0
1069.0,2,1,56.0,1,4.6,3.0,417218.0
3500.0,4,3,41.0,1,6.2,38.4,1280159.0
3769.0,4,3,25.0,0,8.6,11.8,1435685.0
4625.0,6,4,41.0,2,8.6,35.1,1617584.0
2931.0,4,3,21.0,1,5.4,16.2,960966.0
1289.0,2,1,17.0,2,5.8,5.6,488269.0
2132.0,3,2,60.0,2,7.9,4.1,729322.0
2561.0,3,2,45.0,0,2.2,7.1,882295.0
4088.0,4,3,39.0,2,4.8,10.7,1293878.0
3682.0,5,3,21.0,2,8.4,20.1,867476.0
2523.0,4,3,3.0,1,7.6,28.4,1114341.0
5927.0,6,4,2.0,0,6.3,39.5,1991236.0
3871.0,5,4,33.0,0,2.2,18.2,1553991.0
1881.0,2,2,46.0,1,5.4,21.2,733733.0
1150.0,1,2,32.0,1,4.2,21.4,352036.0
1425.0,2,2,50.0,1,6.2,22.0,387694.0
1928.0,3,2,2.0,0,3.7,21.2,644916.0
1468.0,2,1,22.0,2,3.2,1.3,509057.0
1607.0,2,1,14.0,0,1.0,1.1,603953.0
2140.0,2,2,27.0,0,8.2,4.8,886623.0
1536.0,2,2,4.0,1,4.6,5.0,766151.0
5443.0,6,4,57.0,1,5.8,28.5,1455378.0
1033.0,1,1,13.0,0,5.5,9.0,527810.0
3432.0,5,4,55.0,0,3.2,35.9,1262897.0
2816.0,4,3,26.0,0,2.7,37.2,652966.0
5905.0,6,4,59.0,2,3.3,39.1,2234392.0
1205.0,1,1,33.0,2,3.9,37.6,414721.0
2748.0,4,3,56.0,1,6.3,11.6,1099095.0
5835.0,6,4,0.0,2,3.7,20.9,1705257.0
5274.0,6,5,45.0,2,9.3,7.8,2333799.0
5012.0,5,3,54.0,0,7.8,32.4,1388069.0
1993.0,3,2,8.0,4,7.3,35.6,953979.0
1523.0,1,1,6.0,2,5.2,34.2,644093.0
4211.0,6,4,25.0,0,8.8,17.9,1368417.0
5619.0,6,5,56.0,0,5.0,30.6,2414571.0
3607.0,4,3,33.0,0,5.4,4.8,1327892.0
3687.0,4,3,32.0,0,5.9,2.6,1454825.0
2112.0,3,2,8.0,2,7.0,30.4,664921.0
4755.0,6,4,0.0,1,6.9,17.6,2296623.0
1610.0,2,2,49.0,2,4.5,39.8,462682.0
2348.0,4,3,5.0,2,4.3,4.8,1099358.0
2897.0,3,3,38.0,1,6.9,34.4,899243.0
3341.0,5,4,55.0,1,7.1,19.7,1145696.0
1909.0,2,1,13.0,0,4.6,33.3,736336.0
1220.0,1,1,40.0,0,2.0,32.9,393065.0
3897.0,4,4,5.0,1,5.0,36.7,1108337.0
2159.0,3,2,36.0,0,6.9,12.6,990699.0
3739.0,5,3,10.0,0,9.5,38.0,1645534.0
1434.0,2,2,44.0,2,2.9,6.9,461586.0
3198.0,5,4,18.0,1,4.6,4.2,1518802.0
3476.0,4,3,28.0,0,4.6,17.8,942932.0
880.0,1,1,36.0,1,8.5,33.3,399898.0
2418.0,2,2,10.0,2,5.4,19.5,965501.0
1326.0,2,2,44.0,0,3.5,33.3,397460.0
942.0,2,1,18.0,0,6.7,29.5,464282.0
5946.0,6,5,40.0,3,4.6,9.2,2102814.0
2341.0,2,2,9.0,1,2.8,38.0,742553.0
4973.0,6,4,41.0,0,3.5,3.4,1884049.0
1975.0,3,3,8.0,1,9.3,36.0,868522.0
4280.0,6,4,26.0,2,6.3,12.9,1635946.0
4705.0,6,4,15.0,0,5.7,20.5,1948232.0
3816.0,4,3,45.0,0,5.0,17.5,1446660.0
3147.0,4,3,16.0,0,6.1,7.7,1329291.0
2824.0,4,3,53.0,4,6.1,15.0,894725.0
2484.0,2,2,54.0,0,6.1,8.5,956536.0
5619.0,6,4,12.0,1,5.8,9.0,1697894.0
5085.0,6,4,37.0,3,7.4,8.3,1487919.0
5811.0,6,4,5.0,0,5.6,20.1,1960163.0
1271.0,2,2,23.0,4,3.3,32.1,434193.0
4547.0,5,3,43.0,4,4.2,23.2,1708729.0
5667.0,6,4,40.0,3,1.1,35.8,1992531.0
1579.0,2,1,37.0,0,10.0,25.8,500625.0
959.0,1,1,17.0,1,7.4,27.9,407408.0
4602.0,5,3,23.0,2,3.7,27.0,1192082.0
3702.0,5,3,6.0,4,4.9,18.5,1268452.0
5146.0,6,4,43.0,0,4.1,27.9,1809322.0
1355.0,2,2,30.0,2,8.9,3.7,679920.0
4894.0,6,4,43.0,0,2.4,34.5,1426054.0
1689.0,1,2,15.0,0,5.8,31.3,765933.0
1484.0,2,1,19.0,1,5.3,10.6,393527.0
1487.0,2,2,20.0,2,7.3,31.0,783625.0
4999.0,6,4,2.0,1,5.3,1.5,1647069.0
4192.0,5,3,20.0,1,1.6,9.5,1360839.0
3425.0,5,4,48.0,4,4.9,3.5,1189672.0
2538.0,4,3,54.0,1,3.4,31.4,1064665.0
5337.0,6,4,31.0,1,5.7,30.5,1477219.0
2719.0,3,3,27.0,1,8.7,32.7,1075153.0
5010.0,6,4,2.0,1,1.7,1.2,1830142.0
2971.0,5,4,53.0,1,3.7,20.5,807857.0
2635.0,4,3,1.0,3,4.3,28.5,867294.0
3098.0,4,2,57.0,1,4.7,7.1,1044693.0
2227.0,2,2,29.0,2,7.1,26.3,745485.0
4637.0,5,4,21.0,0,5.1,4.3,1429589.0
3315.0,4,2,55.0,0,6.4,8.1,1105037.0
1854.0,3,2,1.0,1,4.1,19.6,797780.0
5458.0,6,4,35.0,0,6.0,26.5,1751684.0
2673.0,4,3,33.0,0,7.2,6.7,1241322.0
3535.0,4,3,13.0,1,3.9,8.2,1061609.0
5495.0,6,4,26.0,0,7.2,9.0,1570130.0
3971.0,4,2,39.0,0,5.6,10.3,1731227.0
1231.0,1,1,44.0,1,7.8,9.8,498506.0
5675.0,6,4,0.0,1,5.1,16.4,1568354.0
3990.0,6,4,56.0,3,6.3,26.5,1069881.0
2408.0,5,3,10.0,1,5.4,18.1,1139412.0
1352.0,2,2,14.0,1,5.3,31.3,535020.0
4888.0,6,4,16.0,3,6.1,29.1,1671957.0
3948.0,5,3,2.0,2,6.7,5.9,1454169.0
3481.0,5,3,7.0,0,2.8,2.9,1415626.0
5427.0,6,4,59.0,0,8.7,35.2,1818393.0
4858.0,6,4,19.0,1,1.4,4.1,2188874.0
1419.0,2,2,7.0,1,4.0,6.8,610832.0
2283.0,3,2,6.0,2,5.3,1.9,1062662.0
1942.0,3,2,43.0,2,6.4,25.5,857631.0
4617.0,6,4,51.0,1,9.0,23.7,1681393.0
781.0,1,1,15.0,4,1.4,39.5,235576.0
3677.0,4,3,1.0,1,4.4,35.6,1330410.0
4717.0,6,4,13.0,0,1.0,17.0,1660130.0
5335.0,6,4,3.0,2,5.6,15.5,1717173.0
2447.0,3,2,6.0,0,6.1,12.6,969546.0
5035.0,6,4,26.0,2,9.0,6.9,2226445.0
1197.0,2,2,14.0,4,5.8,6.4,798912.0
5171.0,6,4,31.0,1,7.8,6.2,2107396.0
1288.0,2,1,15.0,1,6.8,5.5,771615.0
2745.0,4,3,56.0,1,4.5,10.4,894995.0
4905.0,6,4,54.0,1,2.4,13.0,1770833.0
1410.0,2,2,34.0,1,6.1,38.5,678875.0
1838.0,3,3,21.0,1,2.2,23.6,578448.0
4500.0,6,4,23.0,2,8.3,39.5,1533408.0
4488.0,5,4,25.0,1,5.1,15.5,1981665.0
4062.0,5,3,44.0,0,8.1,18.8,1253201.0
4347.0,5,4,27.0,1,4.4,13.7,1208907.0
3531.0,4,3,51.0,2,6.1,8.1,1564862.0
1960.0,3,2,57.0,1,6.0,6.6,904564.0
2467.0,3,2,20.0,1,5.4,37.9,936571.0
1581.0,2,1,34.0,2,4.5,39.5,543380.0
5506.0,6,4,6.0,1,6.4,2.8,1830121.0
3750.0,5,3,12.0,1,3.5,6.9,1377181.0
2765.0,3,2,25.0,3,2.8,17.5,1164220.0
3095.0,4,3,12.0,0,8.2,8.3,1280671.0
5715.0,6,4,53.0,4,7.1,15.2,2635030.0
1428.0,2,2,9.0,0,5.6,6.0,548959.0
3766.0,4,3,27.0,0,9.2,18.8,1411147.0
3332.0,3,2,36.0,3,4.9,11.6,1090953.0
3902.0,5,4,42.0,0,8.4,14.7,1231899.0
698.0,1,1,23.0,2,5.9,4.7,385520.0
5309.0,6,4,52.0,2,3.2,17.7,1850859.0
5633.0,6,4,34.0,2,9.6,39.3,2151249.0
3652.0,4,3,26.0,4,7.7,13.8,1844598.0
4362.0,6,3,4.0,0,5.2,35.2,1613886.0
5581.0,6,4,28.0,1,7.1,33.9,2247920.0
4419.0,6,4,49.0,0,4.6,38.1,1493075.0
1424.0,1,1,37.0,1,7.3,31.8,702867.0
3712.0,5,4,50.0,2,1.0,26.7,1630808.0
3876.0,5,4,30.0,1,3.3,34.4,1414630.0
2890.0,3,2,7.0,1,7.7,4.0,969614.0
4577.0,6,4,1.0,1,5.0,19.1,1501535.0
5646.0,6,4,18.0,1,6.0,39.6,1986277.0
5598.0,6,4,42.0,4,2.5,31.0,1935412.0
3035.0,3,2,47.0,0,9.6,38.5,1228754.0
1211.0,1,1,18.0,1,8.1,31.4,586033.0
5918.0,6,4,30.0,2,5.1,35.1,1963031.0
5130.0,6,4,25.0,1,4.6,28.6,1568068.0
1273.0,1,1,25.0,0,7.8,30.7,572646.0
5573.0,6,5,14.0,1,9.9,21.4,2636168.0
5297.0,6,4,8.0,0,7.6,37.0,2144079.0
3402.0,3,2,12.0,0,10.0,33.2,1381155.0
3793.0,4,3,3.0,2,3.5,33.9,1483430.0
2755.0,4,3,12.0,1,3.7,27.2,936390.0
896.0,1,1,1.0,3,2.9,12.9,358563.0
2410.0,3,2,38.0,2,6.5,2.4,841092.0
4935.0,6,4,19.0,1,5.9,37.5,1674776.0
625.0,1,1,58.0,0,5.2,23.9,241286.0
2401.0,4,3,12.0,1,7.3,12.6,1204835.0
2750.0,4,3,21.0,0,8.2,6.8,1051719.0
3502.0,4,2,21.0,3,2.1,33.4,988261.0
5567.0,6,5,1.0,0,4.2,33.6,2434638.0
2470.0,3,2,50.0,0,7.3,32.8,835963.0
2474.0,3,2,2.0,1,4.5,26.2,919913.0
4583.0,5,4,56.0,0,3.7,15.3,1613842.0
3042.0,3,2,54.0,0,7.7,12.9,912428.0
1813.0,2,1,32.0,1,2.7,1.3,737560.0
3043.0,4,3,33.0,0,4.8,33.5,1158049.0
1361.0,2,2,39.0,0,6.2,4.4,739719.0
1552.0,2,2,23.0,1,4.2,25.6,528407.0
3291.0,4,3,39.0,2,7.2,20.7,1247625.0
2862.0,3,2,3.0,1,4.2,21.5,1012963.0
5540.0,6,4,3.0,1,8.6,37.1,2049331.0
2557.0,4,3,27.0,1,5.2,2.2,785404.0
3735.0,4,3,33.0,1,7.0,31.2,1348233.0
4014.0,5,4,53.0,3,7.1,3.0,1181723.0
671.0,1,1,6.0,0,4.1,2.5,358891.0
4183.0,5,3,49.0,1,1.0,17.8,890403.0
1561.0,2,2,13.0,3,6.3,3.5,521646.0
5790.0,6,4,24.0,2,5.7,31.8,2195226.0
1403.0,1,1,19.0,0,6.7,21.7,521967.0
2839.0,3,2,24.0,0,5.0,2.1,870785.0
1061.0,1,1,9.0,2,4.6,2.6,571941.0
5983.0,6,4,30.0,0,9.9,24.9,2215170.0
3312.0,4,3,48.0,2,2.3,32.4,1205008.0
3815.0,5,4,26.0,2,7.1,18.1,1406723.0
962.0,1,1,29.0,2,4.2,22.6,534090.0
4650.0,6,4,51.0,0,4.8,32.2,1416071.0
1733.0,3,2,42.0,2,4.8,24.8,838109.0
5449.0,6,4,29.0,1,3.7,9.8,1809754.0
1708.0,1,1,15.0,2,6.8,24.9,507617.0
1630.0,2,2,53.0,0,8.6,25.5,737294.0
797.0,1,1,35.0,0,6.5,29.6,377399.0
3149.0,3,3,13.0,1,5.7,25.2,960272.0
3650.0,5,3,16.0,0,3.3,38.8,1047117.0
955.0,2,2,48.0,1,6.6,8.7,486866.0
4788.0,5,3,3.0,3,10.0,38.1,1861651.0
3048.0,3,2,60.0,1,4.7,22.0,631887.0
3432.0,5,4,8.0,2,4.7,27.2,1475392.0
2980.0,4,3,48.0,0,4.3,4.9,980203.0
2764.0,4,3,24.0,0,4.4,15.8,808411.0
3622.0,5,3,30.0,0,1.0,31.0,1301979.0
1438.0,2,2,53.0,0,6.4,28.6,565082.0
1582.0,1,1,25.0,3,3.6,2.6,697072.0
5254.0,6,5,32.0,0,2.0,22.3,1831020.0
5709.0,6,4,3.0,1,7.2,4.4,2038117.0
2616.0,3,3,0.0,1,3.1,39.8,886578.0
2062.0,3,3,15.0,3,4.8,36.0,867953.0
4078.0,4,3,41.0,0,8.7,1.8,1409812.0
2807.0,4,3,7.0,0,2.4,34.5,830600.0
737.0,1,1,7.0,0,2.1,36.9,262665.0
1443.0,2,1,25.0,1,6.1,14.8,585719.0
4466.0,6,4,39.0,0,8.0,29.1,1623731.0
4158.0,5,3,43.0,2,2.0,18.2,1566165.0
746.0,1,1,11.0,1,6.4,26.6,380904.0
1799.0,2,1,5.0,1,6.8,14.3,744276.0
1848.0,2,2,56.0,1,1.0,13.6,512572.0
4228.0,5,3,16.0,0,7.3,17.6,1626660.0
706.0,1,1,51.0,1,7.4,6.7,412088.0
1162.0,1,1,52.0,4,4.8,33.4,485256.0
4920.0,6,4,46.0,2,8.3,14.6,1632653.0
1564.0,2,2,10.0,3,8.0,16.6,698415.0
4125.0,5,3,49.0,2,5.7,35.9,1567266.0
1886.0,2,2,46.0,0,4.5,20.4,687131.0
1137.0,2,1,36.0,0,3.4,22.2,346132.0
1913.0,3,2,20.0,0,5.4,38.3,853515.0
4500.0,5,4,16.0,0,6.8,35.6,1183070.0
5221.0,6,4,7.0,0,4.8,7.6,2027114.0
5083.0,6,4,31.0,1,1.0,19.5,1320307.0
2745.0,4,3,35.0,1,8.3,38.9,1371152.0
4208.0,5,3,22.0,2,5.9,15.5,1152106.0
1707.0,2,2,29.0,2,4.7,15.5,782782.0
2183.0,2,2,22.0,3,7.4,8.6,895672.0
5440.0,6,5,38.0,0,8.9,5.5,1877244.0
670.0,1,1,54.0,0,1.0,29.9,151087.0
1062.0,1,1,10.0,1,6.5,31.0,516334.0
1723.0,2,2,23.0,0,2.4,38.8,477321.0
743.0,1,1,8.0,0,6.6,31.2,330587.0
1580.0,2,2,37.0,0,5.8,10.5,703296.0
3748.0,5,4,44.0,0,6.9,2.6,1045671.0
2876.0,3,2,56.0,1,4.4,39.4,839667.0
5420.0,6,4,17.0,1,1.4,14.3,2564403.0
5014.0,6,4,57.0,1,4.5,13.2,1442779.0
2446.0,3,2,4.0,1,6.4,36.3,1083173.0
2001.0,3,3,36.0,1,7.7,23.8,774887.0
2650.0,4,3,3.0,0,2.9,9.4,1046539.0
3788.0,5,4,54.0,0,7.8,35.7,1504865.0
2048.0,2,2,32.0,1,4.1,39.7,805014.0
3970.0,5,3,40.0,2,6.3,4.4,1398719.0
2811.0,4,3,50.0,2,4.4,34.6,1269804.0
3581.0,4,3,9.0,1,5.9,16.2,1192243.0
2955.0,4,3,2.0,0,7.5,21.4,1207022.0
2190.0,3,2,53.0,1,2.8,36.7,717805.0
5722.0,6,4,19.0,1,4.0,39.0,1556332.0
4723.0,6,4,8.0,1,5.9,11.2,1635029.0
1357.0,3,3,28.0,1,10.0,9.3,788020.0
5290.0,6,4,36.0,1,3.6,4.1,1665927.0
3232.0,3,2,2.0,1,10.0,22.9,1737083.0
5431.0,6,4,16.0,2,9.9,1.5,1779198.0
4919.0,6,4,2.0,0,5.3,17.1,2039243.0
2896.0,4,3,25.0,2,4.8,3.9,1239180.0
721.0,2,2,54.0,0,4.0,16.8,318616.0
2051.0,2,1,59.0,0,5.3,2.6,624196.0
3525.0,5,4,38.0,4,2.4,33.6,1068661.0
4021.0,5,3,10.0,4,5.3,9.2,1361375.0
1993.0,3,2,54.0,0,8.8,13.8,610792.0
1353.0,3,2,31.0,1,4.2,34.9,447047.0
5109.0,6,4,9.0,0,5.0,30.1,1357084.0
5916.0,6,4,55.0,1,1.8,9.5,2251454.0
3439.0,5,3,45.0,2,6.3,3.8,1407332.0
1527.0,2,2,44.0,4,6.1,28.9,708362.0
2070.0,3,2,43.0,1,5.6,16.2,855685.0
699.0,1,1,12.0,1,5.0,30.9,333963.0
5537.0,6,4,13.0,1,4.9,18.4,2303332.0
1236.0,2,2,41.0,0,6.6,14.5,504329.0
3713.0,4,3,13.0,3,5.4,18.6,1363064.0
2080.0,2,2,26.0,2,6.2,30.2,878569.0
3593.0,5,3,47.0,1,6.0,36.2,1004259.0
4118.0,5,4,47.0,0,8.0,2.9,2248296.0
5081.0,6,5,27.0,0,7.0,21.4,1825129.0
1715.0,2,1,48.0,0,5.9,2.3,668099.0
659.0,1,1,50.0,2,8.8,19.3,482499.0
1339.0,2,1,39.0,1,6.4,35.5,594870.0
5460.0,6,4,14.0,0,8.4,15.1,1971595.0
5319.0,6,4,16.0,1,6.8,37.4,1878704.0
3826.0,5,3,19.0,2,1.4,25.6,969328.0
3843.0,5,3,7.0,0,8.4,37.4,1306416.0
4191.0,5,4,16.0,2,5.8,30.5,1617789.0
1547.0,1,1,13.0,3,5.4,5.0,682843.0
5538.0,6,4,27.0,4,6.1,10.0,2307878.0
2861.0,5,4,55.0,1,4.7,16.4,1048600.0
2669.0,4,3,6.0,0,6.0,7.6,842622.0
3402.0,4,3,43.0,1,4.2,20.3,1345958.0
854.0,1,1,41.0,0,8.3,19.4,531182.0
1498.0,2,1,6.0,0,5.3,38.3,637718.0
4585.0,6,4,55.0,1,4.7,17.9,1528376.0
1047.0,2,2,34.0,1,3.5,31.6,466492.0
3857.0,5,3,22.0,2,6.1,37.7,2069577.0
1925.0,2,2,45.0,0,5.9,35.2,698187.0
2702.0,4,3,15.0,1,6.4,9.1,868170.0
2159.0,3,2,42.0,2,3.2,20.3,681809.0
2521.0,2,2,2.0,2,2.0,14.6,932709.0
4483.0,5,4,50.0,3,6.9,16.6,1220989.0
2204.0,2,1,27.0,2,8.8,15.1,916974.0
3659.0,5,3,38.0,3,3.2,33.2,1298430.0
3171.0,5,4,13.0,0,9.0,18.6,1612044.0
4184.0,5,4,41.0,1,6.1,21.4,1776796.0
5659.0,6,5,46.0,0,5.5,39.3,2126205.0
4556.0,6,4,28.0,0,4.6,3.3,1083907.0
1761.0,2,2,37.0,0,2.5,20.0,662930.0
768.0,1,1,27.0,0,7.7,31.2,433212.0
2016.0,3,3,54.0,0,3.8,6.9,772727.0
3813.0,6,4,30.0,0,3.8,24.8,987473.0
878.0,1,1,51.0,0,7.7,10.3,381784.0
3280.0,4,3,48.0,3,1.4,34.8,855762.0
3823.0,4,3,25.0,0,2.1,13.8,868633.0
2405.0,3,2,14.0,2,5.5,13.8,925506.0
4763.0,5,3,24.0,0,6.1,24.3,1427351.0
1176.0,1,1,50.0,3,6.6,8.2,724499.0
1006.0,1,1,14.0,3,4.8,12.1,446230.0
4532.0,6,4,31.0,1,10.0,17.2,2065985.0
3276.0,5,3,48.0,1,5.0,14.8,896549.0
4317.0,5,3,21.0,0,5.0,21.5,1357504.0
2948.0,4,3,39.0,4,3.7,24.4,1064171.0
1931.0,2,1,15.0,3,5.8,23.1,642386.0
5023.0,6,5,7.0,3,6.9,26.5,1727305.0
4917.0,6,4,48.0,1,8.1,13.0,1714956.0
4351.0,5,3,6.0,1,2.2,5.9,1410878.0
2070.0,4,3,16.0,3,5.0,30.7,1079798.0
3787.0,5,4,51.0,0,6.5,34.2,1415322.0
2549.0,2,2,21.0,1,6.8,11.0,1039131.0
1095.0,1,1,58.0,0,5.5,16.9,443227.0
5553.0,6,4,59.0,3,6.7,20.4,2080318.0
1339.0,3,2,16.0,0,3.7,21.8,533202.0
5731.0,6,5,2.0,0,8.9,26.7,1973180.0
3008.0,3,3,42.0,1,7.7,2.6,1191564.0
1600.0,3,3,27.0,2,2.5,29.1,707636.0
3526.0,5,3,6.0,1,3.1,3.4,1473735.0
5314.0,6,4,42.0,0,3.2,19.3,1669427.0
4554.0,6,4,2.0,0,7.0,33.3,1838900.0
4955.0,5,3,52.0,2,2.7,18.6,1530962.0
4157.0,5,4,8.0,4,4.8,6.8,1544036.0
4338.0,6,4,8.0,2,6.5,39.4,1464622.0
5186.0,6,4,11.0,1,5.4,35.7,1727909.0
1948.0,2,1,58.0,3,6.1,31.1,830284.0
3243.0,4,3,42.0,1,3.2,17.0,1112222.0
1795.0,2,1,48.0,1,6.8,8.2,714678.0
5933.0,6,4,24.0,1,4.2,37.7,1512939.0
5698.0,6,4,20.0,1,4.8,21.8,1827535.0
813.0,1,1,14.0,2,6.0,34.2,373083.0
4410.0,5,4,29.0,1,5.7,14.3,1369490.0
5596.0,6,4,33.0,0,5.6,14.1,1904877.0
1575.0,2,2,38.0,0,3.8,39.4,496776.0
3667.0,4,3,15.0,0,4.8,21.4,1289477.0
5544.0,6,4,57.0,1,5.5,6.5,1910434.0
783.0,1,1,10.0,0,2.5,9.6,265457.0
4366.0,5,4,58.0,0,4.5,19.8,1375824.0
2206.0,3,2,1.0,1,6.4,2.7,931629.0
5592.0,6,4,29.0,1,2.7,19.0,2146112.0
5844.0,6,4,20.0,2,8.0,17.3,2144548.0
5699.0,6,4,27.0,1,8.3,31.4,1791768.0
3161.0,4,3,34.0,3,2.8,14.8,1161180.0
5255.0,6,4,26.0,3,8.5,39.3,2358101.0
5161.0,6,4,25.0,2,5.2,8.1,2054563.0
2323.0,3,2,44.0,1,6.4,24.0,934566.0
5076.0,6,4,41.0,0,4.4,4.5,1915009.0
800.0,1,1,50.0,4,7.5,29.6,499339.0
3820.0,5,4,15.0,0,6.4,39.8,1601646.0
1842.0,3,2,37.0,0,3.7,32.9,690268.0
1251.0,1,1,35.0,1,2.9,22.7,474042.0
1016.0,1,1,22.0,0,2.3,19.9,281739.0
4360.0,5,4,29.0,4,5.9,33.6,1201168.0
2435.0,3,2,19.0,1,6.8,37.5,933689.0
4514.0,6,4,9.0,1,6.9,39.6,1642339.0
953.0,2,2,13.0,1,5.2,16.5,438440.0
2303.0,3,2,6.0,1,3.0,39.6,876355.0
3513.0,4,3,41.0,0,4.0,7.1,867411.0
4870.0,6,3,40.0,1,8.0,10.9,1600794.0
2321.0,3,2,57.0,2,4.4,4.5,775800.0
3980.0,4,3,44.0,1,5.8,11.6,1043802.0
5384.0,6,4,3.0,2,3.1,30.9,2197385.0
3926.0,5,4,53.0,0,6.2,34.3,1088649.0
1858.0,3,2,52.0,0,4.5,31.4,590489.0
732.0,1,1,27.0,0,7.8,25.6,449109.0
5299.0,6,4,35.0,1,7.2,21.0,2034901.0
715.0,1,1,59.0,2,4.4,28.6,226395.0
5323.0,6,5,32.0,2,5.2,16.2,2048856.0
3456.0,4,3,54.0,1,4.3,33.8,1191755.0
5671.0,6,4,5.0,1,2.4,27.4,2497084.0
4913.0,6,4,11.0,2,3.6,28.2,1773328.0
5989.0,6,4,26.0,0,5.9,21.9,1968315.0
2494.0,2,2,35.0,0,6.2,35.5,754593.0
4743.0,6,4,49.0,4,5.8,10.8,1503226.0
2770.0,4,3,59.0,1,4.8,15.9,867731.0
3191.0,4,3,23.0,4,7.6,31.3,1485360.0
3989.0,4,2,3.0,0,5.6,20.2,1377486.0
5318.0,6,5,48.0,1,7.0,35.7,1999363.0
5914.0,6,4,36.0,0,1.6,14.5,2296098.0
4749.0,6,4,12.0,0,1.0,15.4,1005281.0
2856.0,4,3,30.0,1,6.1,35.7,1252193.0
2875.0,3,3,45.0,0,2.4,19.1,942211.0
4583.0,6,3,46.0,0,5.0,21.1,1640201.0
1889.0,3,2,30.0,0,4.8,14.0,632545.0
1197.0,2,2,18.0,0,9.0,11.8,570912.0
2515.0,3,2,58.0,1,6.4,26.6,961091.0
2151.0,3,3,40.0,1,5.9,5.7,1180552.0
2200.0,3,2,24.0,0,7.3,35.3,975046.0
1861.0,3,3,17.0,0,6.3,31.4,917264.0
827.0,1,1,44.0,0,4.5,8.4,330028.0
697.0,1,1,15.0,1,7.9,28.1,371511.0
5934.0,6,4,10.0,0,3.1,24.5,1705518.0
2910.0,4,3,32.0,2,6.2,8.2,1043058.0
2675.0,3,3,17.0,0,2.1,11.7,633978.0
4270.0,5,4,38.0,0,5.9,17.0,1341380.0
1779.0,2,1,7.0,3,5.9,28.3,644663.0
5730.0,6,4,39.0,2,9.2,25.9,1974799.0
4846.0,6,4,17.0,0,2.1,21.8,1627738.0
1083.0,2,2,0.0,2,4.2,31.0,511399.0
2855.0,4,3,8.0,1,7.3,30.6,1117129.0
5347.0,6,3,56.0,2,6.2,25.1,1632452.0
5702.0,6,4,52.0,1,5.9,31.7,1334897.0
3124.0,4,3,14.0,1,3.4,14.0,1012225.0
3912.0,4,2,47.0,4,4.2,35.4,1087628.0
1502.0,2,1,37.0,0,8.2,25.0,675511.0
5952.0,6,4,58.0,1,5.4,33.1,2202798.0
1851.0,2,2,22.0,1,6.3,22.3,841488.0
5691.0,6,4,41.0,0,5.2,9.5,2129997.0
4108.0,5,4,4.0,0,2.9,22.2,1378833.0
3882.0,4,3,24.0,0,7.6,15.5,1302663.0
3369.0,4,3,58.0,1,6.6,28.2,1054712.0
1846.0,2,1,32.0,1,10.0,19.6,621240.0
1553.0,1,1,17.0,1,3.3,33.6,581383.0
1791.0,2,1,7.0,0,7.3,27.4,698906.0
1607.0,2,2,42.0,1,2.6,27.7,432693.0
4810.0,6,4,39.0,3,5.8,9.5,1502961.0
2491.0,4,3,22.0,1,7.6,39.4,863318.0
912.0,1,1,57.0,1,1.0,33.8,215487.0
5833.0,6,4,1.0,2,5.0,31.8,2290653.0
5372.0,6,4,18.0,2,4.3,13.9,1741903.0
5610.0,6,5,55.0,1,4.0,21.9,1229585.0
5973.0,6,4,19.0,2,6.3,6.3,2015310.0
1539.0,2,1,15.0,1,8.0,22.0,661301.0
2740.0,4,3,32.0,3,5.2,6.7,1026376.0
4694.0,6,4,49.0,0,6.0,22.6,1469809.0
4359.0,5,4,6.0,0,5.8,26.3,1598506.0
1431.0,1,1,57.0,0,5.5,16.2,512637.0
5005.0,6,4,48.0,2,3.1,20.4,1648135.0
1812.0,2,2,11.0,1,7.9,35.2,809413.0
1809.0,2,2,43.0,0,6.1,5.2,670329.0
3500.0,4,3,23.0,0,6.4,31.9,1153211.0
3802.0,5,3,24.0,3,3.7,7.7,1623890.0
3732.0,4,3,47.0,2,4.5,2.4,1409417.0
1094.0,2,1,58.0,1,5.1,8.2,500176.0
5338.0,6,4,8.0,1,2.1,30.8,2058706.0
2034.0,2,2,25.0,1,1.8,16.8,722277.0
1299.0,2,1,29.0,1,4.2,35.0,528329.0
5399.0,6,4,23.0,3,6.6,21.5,1450542.0
5761.0,6,4,22.0,0,4.1,1.9,1997588.0
5255.0,6,4,3.0,1,3.3,29.0,1709876.0
4971.0,5,3,41.0,1,3.7,5.3,2048569.0
4138.0,5,4,26.0,1,4.5,31.8,1624542.0
3575.0,4,3,12.0,1,4.7,7.6,1163364.0
1070.0,1,1,49.0,1,10.0,14.5,585739.0
2806.0,3,2,48.0,0,7.8,30.7,1036383.0
2613.0,4,3,29.0,1,7.8,38.2,1096026.0
2003.0,2,2,18.0,0,8.1,15.5,710088.0
4506.0,5,4,38.0,0,3.3,33.3,1547533.0
3278.0,4,3,17.0,0,2.8,8.4,1091544.0
1038.0,1,1,14.0,2,3.1,32.5,387641.0
1789.0,2,2,44.0,1,8.4,26.6,664553.0
4290.0,6,4,2.0,1,4.3,8.5,1416941.0
1011.0,1,1,6.0,2,2.7,12.8,469079.0
5197.0,6,4,0.0,1,4.6,6.1,1534853.0
3274.0,4,3,9.0,1,5.0,15.9,1021415.0
3195.0,3,2,4.0,1,6.1,8.9,1165297.0
3799.0,5,4,60.0,1,6.1,26.1,1189991.0
5053.0,6,4,17.0,1,3.7,39.8,1453598.0
2478.0,3,2,9.0,1,7.0,1.5,1022361.0
4261.0,5,3,14.0,2,4.1,22.1,1131038.0
3655.0,5,3,56.0,2,5.2,23.4,1077571.0
2042.0,3,2,31.0,0,7.0,36.7,1025977.0
5345.0,6,4,22.0,0,4.1,20.7,1910911.0
4906.0,6,4,52.0,1,4.2,22.2,1454974.0
4156.0,6,4,24.0,0,6.8,19.4,1626650.0
5193.0,6,4,20.0,0,3.6,11.5,1899013.0
5283.0,6,4,12.0,3,4.7,3.2,2137776.0
4425.0,6,4,23.0,0,6.7,16.9,1578267.0
5120.0,6,4,19.0,3,10.0,3.1,2241669.0
4366.0,6,4,41.0,2,6.8,22.5,1099503.0
4273.0,6,4,17.0,2,6.5,13.0,1341564.0
3941.0,5,4,35.0,0,6.7,21.8,1465277.0
4665.0,6,4,4.0,0,3.1,6.2,1696885.0
1456.0,2,2,11.0,1,5.8,37.4,517221.0
5357.0,6,4,24.0,0,5.4,35.9,1867080.0
5308.0,6,4,56.0,0,6.2,8.4,1647180.0
758.0,2,2,23.0,0,5.8,14.4,404037.0
5059.0,6,4,40.0,0,6.3,24.9,2007875.0
1296.0,1,1,15.0,0,4.8,4.7,591315.0
2410.0,3,2,8.0,2,5.6,14.8,795726.0
4615.0,5,3,4.0,0,2.8,10.8,1293202.0
1468.0,2,2,18.0,0,4.8,36.7,523031.0
5017.0,6,4,9.0,1,8.6,34.2,1815256.0
5094.0,6,4,10.0,4,6.2,23.6,1644678.0
3340.0,4,3,46.0,0,5.5,21.3,1348226.0
634.0,2,2,1.0,0,9.7,37.3,506041.0
2150.0,2,2,33.0,1,2.5,37.4,715674.0
3931.0,4,3,23.0,3,3.1,38.8,1045269.0
5898.0,6,4,30.0,2,9.3,5.9,2496933.0
4012.0,6,4,34.0,1,5.6,7.3,851907.0
2003.0,3,1,19.0,0,5.0,27.4,808901.0
4024.0,6,4,18.0,1,2.9,22.1,1592511.0
3516.0,5,3,44.0,0,6.5,1.7,1216202.0
4811.0,6,5,52.0,1,6.7,3.4,2079189.0
1178.0,1,1,12.0,2,3.1,35.6,404679.0
4710.0,6,4,6.0,4,5.2,34.9,1690132.0
3523.0,5,3,54.0,0,4.8,14.9,1281370.0
5800.0,6,4,21.0,0,6.1,35.8,2875126.0
2446.0,3,2,33.0,1,3.0,24.2,980246.0
4016.0,6,4,22.0,1,8.3,32.4,1682801.0
5633.0,6,4,8.0,2,7.5,17.7,1731650.0
1154.0,1,1,35.0,0,4.7,5.4,462146.0
5661.0,6,4,32.0,0,5.0,17.9,1663897.0
4315.0,6,4,12.0,1,5.2,18.8,1746943.0
966.0,2,2,27.0,0,3.8,22.5,412470.0
2225.0,3,2,48.0,2,4.5,5.1,683733.0
4424.0,6,4,35.0,1,4.9,39.7,1530449.0
964.0,1,1,6.0,2,9.0,10.5,493813.0
3744.0,5,4,33.0,1,7.6,8.7,1468414.0
2468.0,2,2,42.0,2,7.6,21.5,813989.0
3953.0,5,3,48.0,0,6.3,22.0,1382314.0
847.0,1,1,38.0,2,3.0,18.2,348446.0
5306.0,6,4,9.0,0,5.4,31.1,1795582.0
5857.0,6,4,43.0,1,7.6,21.1,1895455.0
5832.0,6,4,41.0,0,2.7,24.8,1911741.0
4648.0,6,4,1.0,1,6.9,29.2,1867076.0
1302.0,2,2,25.0,0,10.0,2.0,593326.0
4695.0,6,4,20.0,0,7.8,23.3,1773806.0
733.0,1,1,40.0,4,8.6,35.5,507685.0
719.0,1,1,13.0,0,6.0,1.7,435362.0
2347.0,3,2,35.0,2,7.6,16.8,945432.0
3239.0,4,2,55.0,4,3.9,37.1,1165506.0
4760.0,6,4,48.0,0,7.3,14.8,1808149.0
4290.0,5,3,55.0,1,6.9,18.9,1662876.0
3008.0,4,3,59.0,0,6.1,39.3,725554.0
2078.0,3,2,1.0,0,8.4,8.8,705901.0
5984.0,6,4,37.0,1,4.3,3.5,2295504.0
2901.0,4,3,25.0,3,5.1,34.5,823239.0
3037.0,3,2,52.0,0,5.7,34.9,1065979.0
1484.0,2,1,15.0,1,3.2,19.4,503839.0
4892.0,6,4,59.0,1,6.0,21.1,1428297.0
4346.0,5,3,37.0,2,1.7,33.6,1441629.0
1792.0,2,2,48.0,0,7.8,29.8,730815.0
1045.0,1,1,5.0,1,5.6,11.3,635609.0
4275.0,5,4,11.0,1,4.4,1.7,1390158.0
4134.0,5,4,46.0,1,3.7,19.7,1703811.0
2076.0,2,1,1.0,3,5.0,34.5,797533.0
5735.0,6,4,49.0,2,7.0,35.9,1746024.0
1416.0,1,1,1.0,0,6.7,38.3,631693.0
2935.0,3,2,39.0,1,3.9,35.3,1030653.0
5696.0,6,4,22.0,1,3.6,23.6,1886832.0
2867.0,3,2,37.0,0,6.9,18.3,1080282.0
4048.0,5,4,42.0,1,3.9,31.2,1243989.0
2747.0,3,2,21.0,1,5.6,29.9,856479.0
2081.0,3,1,6.0,1,5.8,22.0,888529.0
5913.0,6,4,4.0,4,6.2,4.4,2026008.0
2810.0,3,2,35.0,0,7.4,37.1,992827.0
5428.0,6,4,31.0,3,2.7,18.8,1869516.0
1842.0,2,1,45.0,1,1.3,15.2,573287.0
1751.0,2,3,31.0,1,4.3,25.6,524717.0
768.0,1,1,25.0,2,9.5,27.3,562536.0
4119.0,5,4,24.0,1,9.9,9.2,1644629.0
2590.0,3,2,2.0,1,9.5,33.6,1026571.0
5268.0,6,3,20.0,1,5.1,12.3,1907168.0
3155.0,4,3,59.0,1,1.6,8.3,1059416.0
5828.0,6,4,52.0,3,1.0,16.8,2048011.0
1602.0,2,2,20.0,2,4.1,29.5,655458.0
5291.0,6,4,35.0,0,5.1,38.7,1940940.0
4794.0,6,4,51.0,0,8.4,32.6,2041855.0
4763.0,6,4,26.0,1,7.4,37.7,1915414.0
5162.0,6,4,1.0,0,6.0,6.5,1796046.0
4710.0,6,4,4.0,1,3.5,3.8,1375830.0
3982.0,4,2,31.0,0,3.4,22.8,1590648.0
1309.0,1,1,58.0,1,6.1,12.3,487247.0
776.0,1,1,42.0,0,7.0,33.3,328264.0
5573.0,6,4,4.0,0,6.4,27.2,1423847.0
3930.0,6,4,11.0,1,3.2,38.9,1425262.0
4901.0,6,4,46.0,1,6.9,10.9,1779210.0
3200.0,3,2,50.0,4,6.4,19.9,879970.0
1233.0,1,1,37.0,2,3.1,20.5,449313.0
1276.0,1,1,39.0,1,3.8,10.3,424415.0
4302.0,5,3,2.0,0,7.0,24.0,2168915.0
2924.0,3,2,50.0,2,5.0,18.3,920129.0
1683.0,3,3,47.0,3,9.0,18.4,760188.0
3255.0,4,3,16.0,2,6.6,15.1,1077445.0
947.0,1,1,43.0,0,4.4,1.7,457928.0
3743.0,4,2,13.0,4,5.5,21.4,1253762.0
2053.0,3,2,2.0,0,5.6,14.1,733759.0
4907.0,6,4,12.0,2,3.9,1.1,1909843.0
2276.0,4,3,11.0,3,3.5,13.0,712850.0
3058.0,4,3,20.0,0,7.0,11.9,1286942.0
663.0,1,1,25.0,3,7.4,16.3,523639.0
991.0,1,1,31.0,0,6.8,6.1,510238.0
2719.0,4,3,29.0,4,8.8,20.8,1255747.0
3192.0,3,2,16.0,0,4.3,28.0,1203053.0
3840.0,5,3,2.0,4,9.2,25.6,1903144.0
2175.0,3,2,36.0,0,3.5,32.3,856816.0
4353.0,5,3,24.0,1,3.3,18.6,1544763.0
5245.0,6,4,18.0,1,1.6,21.2,1934535.0
4811.0,6,4,52.0,1,4.5,32.6,1389131.0
814.0,2,2,45.0,0,4.4,17.7,408075.0
3195.0,5,4,51.0,1,6.7,28.4,1018418.0
1167.0,1,1,30.0,0,6.0,17.9,450462.0
1907.0,3,3,8.0,1,2.9,17.3,394943.0
5928.0,6,4,42.0,0,4.6,30.6,2039152.0
1369.0,1,1,12.0,4,4.7,7.8,520498.0
3294.0,4,3,26.0,0,1.6,14.2,1259751.0
3938.0,6,4,4.0,0,3.3,9.7,1495526.0
4393.0,5,4,50.0,0,3.8,15.0,1717975.0
3622.0,4,2,8.0,1,8.7,10.0,1156323.0
653.0,1,1,54.0,0,5.9,23.6,335720.0
2363.0,4,3,52.0,1,7.0,32.1,1207389.0
3396.0,5,3,28.0,2,2.2,31.7,1261654.0
1074.0,2,2,45.0,1,8.1,15.2,622666.0
2493.0,3,2,37.0,1,8.4,39.6,971642.0
779.0,1,1,48.0,0,1.1,24.2,182135.0
1024.0,1,1,26.0,1,3.9,16.6,440193.0
2743.0,4,3,47.0,0,6.6,33.6,778666.0
1317.0,1,1,28.0,2,6.9,29.5,511347.0
3665.0,5,4,56.0,0,4.0,30.2,907626.0
4323.0,5,4,29.0,1,4.8,8.6,1363398.0
4923.0,6,3,28.0,1,4.2,19.3,1806826.0
1681.0,2,2,47.0,2,5.7,34.6,679268.0
1504.0,2,2,49.0,0,8.1,20.7,656674.0
1165.0,1,1,33.0,1,3.8,27.7,413101.0
4037.0,5,3,11.0,0,7.7,23.9,1061241.0
4415.0,6,5,28.0,1,3.8,33.9,1442589.0
771.0,1,1,58.0,3,3.6,12.1,273901.0
5656.0,6,4,45.0,1,7.3,23.4,1749601.0
881.0,2,2,49.0,1,7.5,5.8,542490.0
3523.0,4,4,2.0,3,7.4,27.9,1194057.0
4429.0,5,4,28.0,1,2.6,29.5,1323965.0
5303.0,6,4,39.0,1,4.5,2.7,1243046.0
4456.0,6,4,50.0,1,7.3,27.4,1522812.0
4929.0,6,4,3.0,1,5.6,17.2,1466580.0
2433.0,3,2,51.0,0,3.1,5.8,825858.0
5000.0,6,4,33.0,2,6.5,17.4,1518555.0
1033.0,1,1,12.0,1,3.9,8.6,435414.0
5432.0,6,4,19.0,0,9.4,17.2,1927586.0
3557.0,5,3,17.0,2,8.9,16.0,1758734.0
5013.0,6,4,32.0,1,6.8,29.8,1882988.0
3043.0,3,2,3.0,0,8.5,31.2,832687.0
4075.0,5,3,10.0,1,5.6,24.7,1168454.0
3443.0,5,4,49.0,3,7.2,1.9,1364824.0
4551.0,6,4,8.0,3,8.8,37.3,1474814.0
1041.0,1,2,14.0,4,6.0,27.8,284388.0
926.0,1,2,27.0,2,4.9,2.3,552649.0
1934.0,1,1,31.0,0,1.7,32.9,601336.0
1462.0,2,2,46.0,1,5.3,8.8,643430.0
5308.0,6,4,27.0,2,7.3,23.6,1704979.0
1784.0,2,1,47.0,1,7.6,19.2,745782.0
5870.0,6,4,37.0,1,6.6,17.4,1790941.0
2419.0,3,2,7.0,1,4.3,35.7,881670.0
1583.0,2,1,9.0,1,1.2,18.1,442337.0
4864.0,6,4,26.0,3,4.4,3.9,2107113.0
4157.0,4,3,24.0,1,4.8,37.9,1056135.0
3290.0,3,3,45.0,1,4.8,36.9,1298250.0
3599.0,4,3,35.0,4,6.9,27.7,1326950.0
4484.0,6,4,23.0,1,9.9,19.2,1593756.0
1834.0,1,1,10.0,0,5.8,4.6,722876.0
5980.0,6,4,14.0,1,5.0,31.8,2209808.0
5864.0,6,4,35.0,2,4.9,3.9,2398640.0
4112.0,6,5,25.0,2,5.8,3.7,1640174.0
1678.0,2,2,31.0,2,3.7,22.0,534314.0
4273.0,6,4,10.0,1,5.8,7.2,1596789.0
990.0,1,1,40.0,0,6.5,1.3,584203.0
766.0,1,1,51.0,2,6.0,17.5,432127.0
1991.0,3,2,15.0,3,6.5,6.4,976790.0
3098.0,4,3,29.0,0,6.5,7.3,1310795.0
5289.0,6,4,59.0,0,1.6,4.0,1865312.0
4527.0,6,4,20.0,4,6.9,9.0,1996056.0
4611.0,5,3,36.0,2,4.0,28.9,1414121.0
2898.0,4,3,5.0,3,3.1,32.5,823081.0
2468.0,3,3,36.0,3,3.1,18.6,889768.0
2604.0,3,2,5.0,1,6.5,20.8,874904.0
5933.0,6,4,58.0,1,5.0,2.3,1665117.0
817.0,1,1,43.0,1,1.8,3.7,250508.0
5282.0,6,4,47.0,0,6.6,11.0,2508269.0
3725.0,5,3,42.0,2,2.3,22.2,1251727.0
2969.0,3,2,35.0,1,5.8,29.8,1083184.0
4516.0,6,4,27.0,1,6.0,24.6,1311471.0
3228.0,4,3,52.0,1,7.4,16.3,868062.0
5316.0,6,4,57.0,1,9.4,5.6,1686584.0
5464.0,6,4,30.0,0,2.5,31.5,2124269.0
2877.0,4,3,56.0,0,5.4,15.2,1084201.0
2095.0,2,2,35.0,0,4.9,29.7,793686.0
3799.0,5,4,32.0,0,6.5,21.0,1542946.0
5527.0,6,4,27.0,4,6.0,29.8,1739773.0
1738.0,3,2,13.0,0,4.7,36.4,794462.0
3964.0,5,3,0.0,0,4.5,36.9,1230184.0
4010.0,6,4,14.0,1,3.0,21.9,1695510.0
4559.0,6,4,31.0,1,7.7,20.9,1778300.0
1310.0,2,2,23.0,0,6.5,11.4,439807.0
4465.0,6,5,27.0,2,7.5,37.5,1465350.0
5509.0,6,4,59.0,2,4.8,18.9,1341722.0
1570.0,2,2,21.0,0,4.1,6.0,726429.0
1883.0,3,2,27.0,0,3.1,17.9,666749.0
5846.0,6,4,8.0,3,6.3,6.0,1373318.0
1577.0,2,2,3.0,2,3.2,20.6,645127.0
5214.0,6,4,47.0,1,9.6,22.9,1729990.0
3258.0,4,3,34.0,0,2.6,14.2,846251.0
1935.0,2,2,46.0,1,6.1,3.8,952556.0
5302.0,6,4,9.0,1,8.9,37.8,1935606.0
3005.0,5,3,34.0,0,6.8,31.2,1074949.0
3380.0,5,3,15.0,1,5.9,33.7,1158799.0
2540.0,4,3,14.0,1,3.4,15.3,728472.0
3802.0,5,3,1.0,0,2.5,30.7,1020278.0
1483.0,1,2,8.0,2,7.2,19.9,801031.0
2712.0,4,3,19.0,2,8.8,8.8,1075252.0
5835.0,6,4,7.0,0,4.5,5.9,1987358.0
1994.0,3,2,59.0,2,3.0,14.5,475148.0
4146.0,5,4,19.0,0,1.0,6.4,1103391.0
2356.0,3,3,8.0,2,3.3,39.9,917737.0
4777.0,5,4,12.0,0,5.2,2.9,1778886.0
1307.0,1,1,35.0,0,9.0,18.2,748708.0
5837.0,6,4,4.0,1,7.0,18.6,2453613.0
3050.0,4,3,52.0,1,6.2,12.7,1083876.0
1875.0,3,2,58.0,3,4.6,23.3,741705.0
997.0,1,1,15.0,1,4.2,6.8,406372.0
1517.0,2,2,27.0,0,8.6,31.6,884667.0
3407.0,4,3,1.0,1,5.9,14.0,1491662.0
2420.0,3,2,38.0,1,1.0,24.1,765096.0
5076.0,5,3,25.0,1,4.0,28.9,1701072.0
2927.0,4,3,16.0,1,3.6,35.7,1236982.0
1943.0,2,2,12.0,2,4.3,33.6,770737.0
3933.0,6,4,39.0,2,6.7,24.7,1797799.0
4417.0,6,4,25.0,4,5.3,16.1,1077560.0
1502.0,2,2,11.0,0,5.3,20.6,661726.0
1505.0,3,3,41.0,2,8.4,31.0,665495.0
798.0,1,1,34.0,1,4.0,35.2,368119.0
4577.0,6,4,52.0,1,9.6,5.0,2130465.0
4185.0,6,4,7.0,1,4.0,16.0,1503768.0
3163.0,4,3,47.0,4,5.7,31.3,1405534.0
5159.0,6,4,40.0,2,4.9,17.8,2231998.0
4951.0,6,4,7.0,4,5.8,14.0,1815206.0
3761.0,4,3,42.0,2,6.5,17.0,1842827.0
5289.0,6,4,26.0,3,6.5,24.5,1848185.0
1712.0,2,2,57.0,2,3.8,40.0,547407.0
1204.0,1,1,8.0,1,3.0,20.2,491067.0
2057.0,3,2,39.0,0,10.0,9.1,864682.0
908.0,1,1,23.0,1,4.4,7.4,401860.0
3468.0,5,3,57.0,0,7.0,2.7,1554809.0
5658.0,6,4,20.0,1,2.0,22.8,1830623.0
812.0,1,1,58.0,1,4.9,22.2,235195.0
1259.0,2,2,54.0,1,5.2,9.0,556159.0
3042.0,3,3,16.0,4,6.5,28.1,1033154.0
5643.0,6,4,48.0,3,1.0,29.9,1995593.0
2307.0,2,1,60.0,0,5.9,11.1,872008.0
3339.0,5,3,15.0,1,3.0,14.4,1434080.0
824.0,1,1,26.0,1,6.2,39.6,410914.0
1401.0,2,1,31.0,1,3.2,15.6,577543.0
5928.0,6,5,18.0,2,3.6,30.7,1776008.0
5812.0,6,4,1.0,1,4.9,18.7,2218536.0
627.0,1,1,13.0,1,3.2,31.9,326054.0
5740.0,6,3,17.0,2,4.5,31.0,1692127.0
4051.0,5,3,27.0,2,2.9,27.0,1708013.0
5287.0,6,4,10.0,0,1.5,34.3,1549058.0
3056.0,4,3,52.0,2,7.7,37.6,986079.0
3384.0,4,3,42.0,1,2.6,23.6,1156302.0
3240.0,3,2,5.0,0,5.1,10.3,1268324.0
4201.0,5,4,39.0,0,7.2,16.5,1729366.0
1354.0,2,2,39.0,1,4.1,30.6,429456.0
762.0,1,1,57.0,1,3.7,26.4,277565.0
2263.0,2,2,0.0,0,6.0,7.9,795869.0
4405.0,6,5,15.0,1,8.0,3.0,1331376.0
1690.0,3,2,56.0,2,2.9,27.6,497356.0
4237.0,6,4,56.0,0,5.2,10.8,1317995.0
5838.0,6,4,43.0,0,1.7,20.5,1976788.0
1107.0,1,1,46.0,2,4.6,30.1,468454.0
4232.0,5,3,5.0,0,5.6,22.9,1155977.0
2996.0,4,3,31.0,3,3.6,4.2,1152918.0
5288.0,6,4,14.0,1,4.5,8.2,1502985.0
1557.0,1,2,11.0,0,2.4,9.6,604970.0
4340.0,6,4,49.0,0,5.7,11.1,1393073.0
5126.0,6,4,8.0,0,7.8,23.1,1551868.0
5701.0,6,4,28.0,0,3.1,20.7,2074298.0
4290.0,5,3,56.0,0,4.1,8.9,1297021.0
3285.0,4,2,11.0,1,6.6,3.6,1176092.0
3936.0,6,4,59.0,0,8.2,7.7,992188.0
5292.0,6,4,60.0,1,2.2,39.4,1885290.0
3681.0,4,3,33.0,1,5.1,19.3,1436340.0
764.0,1,1,10.0,0,6.1,34.8,360102.0
5627.0,6,4,19.0,0,5.3,34.1,1449108.0
4323.0,6,4,25.0,0,1.0,20.9,1666127.0
4253.0,5,3,19.0,0,6.6,28.6,1342897.0
1765.0,2,2,17.0,2,8.8,8.5,768864.0
4158.0,6,4,58.0,0,5.8,27.8,1948168.0
2727.0,3,2,9.0,2,3.2,11.6,859713.0
4117.0,4,3,44.0,1,4.4,33.5,1492356.0
1176.0,1,1,0.0,1,9.4,4.3,699016.0
4152.0,6,4,36.0,1,7.5,31.2,1612836.0
5997.0,6,3,55.0,1,6.9,4.9,2102893.0
860.0,1,2,17.0,0,6.3,35.4,436218.0
5877.0,6,4,11.0,0,4.0,12.9,2040965.0
2797.0,4,3,39.0,1,5.1,26.5,1003509.0
5302.0,6,4,43.0,0,5.3,20.0,2190442.0
4825.0,6,4,41.0,1,6.7,15.3,1374519.0
3662.0,4,3,19.0,1,8.8,26.2,1593319.0
4588.0,6,4,15.0,1,8.0,38.0,1878311.0
5344.0,6,5,57.0,1,2.4,2.6,1955416.0
2782.0,3,2,55.0,1,6.0,36.8,1102490.0
2366.0,3,2,27.0,2,7.1,24.8,910958.0
4205.0,5,3,51.0,1,6.9,32.5,1044363.0
4962.0,6,4,27.0,1,4.1,16.0,1674590.0
4716.0,6,4,25.0,1,10.0,19.4,1519689.0
4908.0,5,3,9.0,2,2.7,34.9,1411725.0
2952.0,3,3,26.0,1,3.1,17.2,823220.0
5016.0,6,4,32.0,1,6.0,21.9,1619626.0
1249.0,1,1,1.0,2,10.0,1.8,632727.0
3540.0,4,3,27.0,1,3.7,7.2,791311.0
631.0,1,2,47.0,0,4.9,26.0,321347.0
2353.0,3,3,41.0,3,7.9,29.0,1278232.0
2579.0,3,2,38.0,0,5.5,23.7,990199.0
2739.0,3,3,55.0,2,4.8,6.6,963807.0
4356.0,5,4,1.0,2,6.7,18.4,1599537.0
2698.0,4,3,33.0,4,6.1,14.8,1001930.0
3023.0,4,2,47.0,0,7.8,20.3,1126553.0
1883.0,2,2,32.0,1,8.3,34.9,763432.0
2616.0,3,2,19.0,1,6.2,31.3,835718.0
1827.0,3,3,8.0,0,6.1,4.3,1020640.0
995.0,1,1,53.0,0,6.0,35.7,286273.0
3859.0,5,3,28.0,1,6.6,19.4,1546863.0
4208.0,5,3,53.0,1,5.6,30.0,1396371.0
3945.0,5,4,35.0,0,5.5,6.5,1831119.0
3103.0,4,3,40.0,1,8.1,27.2,1238416.0
2651.0,3,3,48.0,2,8.8,10.2,1023908.0
5262.0,6,4,40.0,2,2.2,18.1,1651207.0
3403.0,4,3,24.0,3,5.5,1.7,1282841.0
3188.0,4,3,31.0,1,4.0,6.9,940521.0
738.0,2,1,48.0,4,4.8,4.6,340791.0
2443.0,3,2,22.0,2,6.4,10.4,701235.0
2653.0,3,3,23.0,0,7.0,4.9,906432.0
2754.0,4,3,6.0,0,5.3,28.0,1046697.0
3733.0,4,3,55.0,1,1.3,2.1,1245600.0
3481.0,4,3,5.0,1,3.4,25.1,842516.0
3883.0,5,3,39.0,1,7.5,6.5,1409191.0
4730.0,6,4,25.0,1,1.0,37.9,1631759.0
4990.0,6,4,24.0,2,8.1,37.4,1743845.0
4478.0,5,3,41.0,1,6.6,9.8,1422592.0
5760.0,6,4,4.0,0,8.4,25.0,1912179.0
698.0,1,1,36.0,2,5.1,2.1,332503.0
1657.0,3,2,46.0,0,1.0,37.3,442493.0
641.0,1,2,50.0,4,6.4,21.4,390411.0
4096.0,5,3,10.0,0,8.3,2.7,2089592.0
5449.0,6,4,54.0,4,7.5,14.4,1710581.0
1915.0,2,1,39.0,0,4.0,4.0,632035.0
5606.0,6,4,53.0,0,5.7,16.3,1861847.0
925.0,1,1,29.0,0,4.3,27.1,310107.0
5646.0,6,4,33.0,1,3.7,19.3,2167170.0
2499.0,3,2,55.0,2,7.6,16.0,617011.0
1148.0,2,2,54.0,1,2.9,5.6,402732.0
3224.0,4,3,27.0,3,3.5,10.6,1290458.0
1987.0,3,3,16.0,1,3.1,4.9,740294.0
2138.0,3,2,24.0,1,2.2,32.5,616910.0
2259.0,3,3,23.0,2,5.8,6.3,987018.0
4936.0,6,4,17.0,0,8.1,24.2,2027362.0
3511.0,4,3,16.0,1,5.1,14.4,1300650.0
2281.0,2,2,52.0,3,2.2,9.8,660423.0
3896.0,4,3,4.0,3,7.3,25.9,1542284.0
4467.0,5,4,41.0,4,9.2,18.8,1584087.0
2072.0,3,3,10.0,3,4.1,16.6,925749.0
2833.0,4,3,21.0,0,4.4,24.1,1244816.0
1258.0,2,2,4.0,2,6.6,20.2,375472.0
1578.0,1,1,16.0,1,9.1,12.8,726053.0
4278.0,5,3,46.0,4,4.4,22.8,1075938.0
1580.0,1,1,53.0,1,2.6,27.1,632056.0
3436.0,5,3,13.0,1,6.9,2.0,1241838.0
4429.0,5,3,28.0,1,7.3,19.2,1753108.0
1177.0,2,2,28.0,0,5.5,3.2,541004.0
3663.0,4,3,52.0,0,4.3,8.3,1089213.0
1985.0,3,2,46.0,3,7.7,22.9,711287.0
5800.0,6,4,31.0,2,6.7,34.8,2441041.0
3211.0,4,3,40.0,0,3.8,35.4,1215944.0
4952.0,6,4,51.0,2,5.6,3.7,2241775.0
3571.0,5,4,1.0,1,2.5,17.3,1278582.0
834.0,1,1,24.0,1,7.0,23.7,435953.0
4019.0,5,4,54.0,0,4.9,6.7,1348765.0
5738.0,6,4,44.0,2,4.5,30.9,1802570.0
3849.0,5,4,33.0,1,5.4,30.0,1152270.0
5024.0,6,4,32.0,1,5.6,36.2,1731614.0
5375.0,6,4,21.0,1,7.5,1.3,1708112.0
1832.0,2,1,31.0,0,6.8,9.5,766412.0
1745.0,2,2,39.0,1,5.2,33.3,653404.0
3899.0,5,3,25.0,0,7.2,27.2,1465010.0
2820.0,3,2,43.0,0,6.4,35.9,1217072.0
5135.0,6,4,52.0,1,4.6,3.2,1738953.0
5460.0,6,5,9.0,3,5.2,24.3,2137482.0
2508.0,3,2,27.0,1,5.2,23.2,1181812.0
1879.0,2,1,24.0,0,6.6,2.4,893725.0
4815.0,6,4,41.0,1,4.7,21.0,1926504.0
2084.0,3,2,15.0,2,4.6,24.8,753398.0
5042.0,6,5,38.0,2,9.8,8.5,1980826.0
2888.0,3,2,53.0,2,7.6,11.7,864293.0
4205.0,6,4,25.0,1,3.8,26.0,1565906.0
1116.0,2,2,55.0,2,6.8,19.3,544096.0
3969.0,5,3,60.0,0,5.8,34.5,1334801.0
3040.0,3,2,6.0,1,6.4,14.4,1300415.0
3768.0,5,3,14.0,1,5.8,11.4,1130034.0
1507.0,2,2,57.0,1,8.1,39.4,771385.0
4579.0,6,4,57.0,3,6.3,36.5,1809376.0
5259.0,6,4,6.0,2,5.4,2.1,1853036.0
1770.0,1,1,1.0,0,7.8,31.1,691350.0
1117.0,2,2,10.0,0,6.0,5.3,599916.0
728.0,1,1,60.0,1,5.8,2.1,430703.0
4067.0,5,4,11.0,0,6.2,11.7,1521123.0
3878.0,5,4,30.0,1,5.3,11.5,1437842.0
3552.0,4,3,51.0,3,5.5,33.0,1231542.0
1853.0,1,1,1.0,4,4.2,28.7,853081.0
2711.0,4,3,36.0,1,3.8,39.3,879691.0
3810.0,5,3,17.0,2,3.3,28.7,1291811.0
3283.0,4,3,52.0,1,2.4,17.3,1308615.0
5934.0,6,4,17.0,0,3.6,28.3,1973641.0
1337.0,1,1,41.0,1,5.1,40.0,533410.0
4354.0,6,4,40.0,1,5.7,28.7,1319534.0
2783.0,3,2,13.0,2,4.9,30.7,954971.0
2912.0,4,3,2.0,0,1.0,37.6,1153290.0
4475.0,5,4,25.0,1,9.0,5.4,1523727.0
4339.0,5,4,17.0,1,7.9,28.5,1557889.0
5953.0,6,4,49.0,4,6.5,34.2,2086358.0
1293.0,2,2,48.0,1,9.7,38.2,525717.0
1162.0,2,2,27.0,2,3.3,9.2,457989.0
4511.0,5,3,36.0,2,9.7,20.7,1692069.0
3723.0,4,3,36.0,0,3.4,27.5,1223145.0
2080.0,3,3,50.0,1,6.0,10.7,991553.0
1029.0,1,1,26.0,3,2.7,24.4,454478.0
1063.0,2,2,17.0,1,5.5,11.0,454795.0
5429.0,6,4,16.0,3,6.3,14.0,1954206.0
1636.0,1,1,32.0,0,5.2,18.2,641195.0
2346.0,3,2,27.0,0,7.1,21.6,1110169.0
1824.0,2,1,26.0,3,5.7,18.5,781280.0
2517.0,2,2,5.0,2,4.4,20.2,944460.0
975.0,1,1,43.0,4,4.3,12.6,449748.0
3403.0,4,4,13.0,1,7.3,7.2,1474183.0
965.0,2,2,12.0,3,4.1,2.8,426742.0
4922.0,6,4,25.0,2,7.5,8.6,1855001.0
1862.0,2,2,14.0,2,8.2,23.7,989629.0
3516.0,5,3,35.0,1,1.8,31.7,1100545.0
5352.0,6,4,22.0,1,8.0,7.6,1969772.0
4115.0,5,4,27.0,3,10.0,5.2,1580711.0
3478.0,4,3,32.0,1,6.1,30.2,804109.0
2351.0,2,2,12.0,1,6.8,12.9,923760.0
2398.0,3,2,9.0,1,7.8,38.1,982646.0
4215.0,5,3,53.0,1,4.9,28.9,1294342.0
5968.0,6,4,26.0,1,5.9,13.7,1678721.0
4174.0,5,3,25.0,0,2.6,12.3,1197458.0
3612.0,4,3,2.0,3,5.8,21.4,1485399.0
4546.0,6,4,30.0,1,6.6,4.1,2156774.0
3112.0,3,2,33.0,1,6.6,5.6,1371844.0
925.0,2,1,34.0,0,7.8,7.9,393548.0
3636.0,4,3,42.0,0,3.8,31.2,1339732.0
5771.0,6,5,11.0,0,4.3,21.0,1761138.0
1547.0,1,1,15.0,1,9.7,1.4,678979.0
4326.0,5,3,49.0,0,5.2,27.3,1339686.0
1685.0,3,2,57.0,3,5.9,17.5,760061.0
3493.0,5,4,8.0,0,5.4,20.9,1489253.0
1122.0,2,2,30.0,0,3.7,9.4,458274.0
3032.0,4,3,13.0,0,9.1,22.5,1202996.0
4683.0,5,3,4.0,0,4.3,39.2,1654580.0
2477.0,3,2,20.0,2,3.0,3.9,962719.0
4191.0,5,4,9.0,2,4.5,12.1,1773203.0
4895.0,6,4,43.0,1,1.1,10.5,1276853.0
5607.0,6,4,32.0,0,4.1,10.7,1872625.0
1867.0,3,2,9.0,0,3.4,15.8,587217.0
2756.0,4,3,1.0,1,6.9,32.9,1076778.0
1423.0,3,3,48.0,4,4.0,36.6,556828.0
5959.0,6,4,11.0,0,7.5,8.9,2075298.0
5606.0,6,4,36.0,2,8.6,22.2,1748516.0
3516.0,6,4,20.0,1,7.2,25.8,1060669.0
5147.0,6,4,35.0,0,5.0,21.4,1193741.0
3413.0,3,2,19.0,1,5.8,17.9,1169613.0
3967.0,4,3,5.0,0,2.1,8.5,1232908.0
1081.0,2,2,13.0,2,5.2,20.0,463890.0
4678.0,5,3,11.0,0,3.6,16.6,1866197.0
1290.0,1,1,26.0,2,7.0,32.0,469198.0
5061.0,6,4,39.0,0,10.0,30.8,2224029.0
4823.0,6,4,16.0,4,6.6,6.2,2219816.0
4427.0,6,4,1.0,0,1.1,4.5,1062136.0
795.0,1,1,31.0,3,4.7,36.4,335950.0
2237.0,3,3,36.0,2,5.8,21.9,823219.0
2021.0,2,2,58.0,4,5.7,34.5,413457.0
2545.0,3,3,35.0,1,3.9,3.3,731137.0
1073.0,1,1,28.0,2,6.0,21.5,519978.0
5660.0,6,4,34.0,1,2.8,22.0,2387042.0
3591.0,5,3,56.0,0,3.4,34.6,1318791.0
2250.0,3,2,50.0,1,6.9,4.8,927813.0
2744.0,4,3,19.0,0,3.3,10.4,985539.0
3015.0,3,2,14.0,4,6.7,16.9,1433182.0
3843.0,6,4,16.0,0,2.5,34.8,1724998.0
3385.0,5,4,30.0,1,9.4,37.6,1219199.0
5565.0,6,4,45.0,1,3.8,39.7,1252625.0
3284.0,5,4,30.0,1,5.0,38.4,811390.0
5958.0,6,4,4.0,1,6.2,1.2,2497992.0
5198.0,6,4,43.0,0,4.3,2.9,1746095.0
1726.0,2,2,48.0,1,5.8,6.8,704317.0
5625.0,6,4,17.0,0,6.8,14.6,1432324.0
1228.0,1,2,40.0,3,7.6,33.4,495729.0
5014.0,6,4,26.0,2,7.2,35.8,1691937.0
2655.0,4,3,53.0,4,5.1,8.3,1049087.0
5341.0,6,4,51.0,0,5.2,25.2,1668819.0
5288.0,6,5,32.0,0,10.0,36.8,1626715.0
4952.0,6,4,41.0,0,7.6,19.1,1548654.0
4866.0,6,4,53.0,0,3.5,5.0,1922903.0
2245.0,3,2,30.0,0,5.7,18.9,869438.0
1037.0,2,2,19.0,1,4.8,15.7,528459.0
2776.0,3,3,45.0,0,5.2,23.5,844656.0
1537.0,2,2,13.0,1,2.8,18.1,317632.0
4353.0,4,3,23.0,3,4.6,1.7,1397575.0
2469.0,3,2,52.0,1,9.5,39.8,829465.0
5868.0,6,4,43.0,1,6.8,22.2,2095662.0
4061.0,4,3,24.0,1,1.0,19.5,1912391.0
5041.0,6,5,13.0,1,8.2,38.2,2028459.0
1316.0,2,1,21.0,0,7.9,7.1,876145.0
5255.0,6,4,17.0,1,4.7,8.4,1972480.0
5583.0,6,4,11.0,1,7.1,32.5,1757435.0
3230.0,5,4,45.0,2,3.6,11.2,1232750.0
3874.0,5,3,15.0,2,4.5,32.2,1703737.0
4730.0,6,4,27.0,1,8.8,11.6,2252220.0
1544.0,1,1,23.0,1,4.9,2.3,546067.0
3314.0,5,4,59.0,0,1.4,21.2,1119226.0
2753.0,3,3,23.0,2,5.4,8.7,823486.0
1390.0,2,2,5.0,1,5.3,30.6,659565.0
2585.0,3,2,5.0,0,8.1,26.0,1254251.0
968.0,1,1,35.0,0,5.5,37.0,368090.0
739.0,1,1,36.0,0,4.6,31.5,257286.0
1330.0,1,1,25.0,2,7.8,8.1,649413.0
5801.0,6,4,26.0,0,5.8,32.2,2058894.0
3567.0,5,3,3.0,1,3.8,26.0,1269825.0
5815.0,6,4,31.0,1,8.0,27.1,2070425.0
2935.0,4,2,30.0,1,5.9,33.5,1013441.0
2284.0,3,2,9.0,3,5.5,23.4,1023668.0
3333.0,4,3,6.0,2,5.9,19.2,1384152.0
2973.0,3,2,7.0,1,3.1,25.8,847379.0
1171.0,1,1,6.0,0,4.3,12.6,397204.0
4060.0,6,4,37.0,1,5.5,8.1,1425849.0
1767.0,3,3,12.0,1,5.1,25.0,819811.0
3946.0,5,4,15.0,1,8.3,10.1,1564897.0
4111.0,5,3,10.0,1,6.0,4.1,1354565.0
1421.0,1,1,57.0,0,7.4,1.0,607178.0
931.0,2,2,51.0,1,5.5,24.7,397946.0
4816.0,6,4,14.0,0,7.8,15.1,1995950.0
3083.0,5,3,20.0,2,6.4,30.3,1232884.0
914.0,1,1,13.0,0,5.5,15.6,396988.0
5972.0,6,4,30.0,1,5.5,20.0,2074531.0
912.0,1,1,1.0,0,3.4,16.9,441518.0
4353.0,6,4,40.0,1,6.6,26.4,1424772.0
5912.0,6,4,31.0,1,5.4,14.9,2112371.0
1892.0,2,2,54.0,0,4.4,38.6,612143.0
1368.0,2,1,10.0,2,7.9,37.5,654312.0
1255.0,2,2,48.0,1,2.7,34.1,376875.0
2238.0,2,2,48.0,1,4.6,36.9,754205.0
1146.0,2,2,8.0,1,7.8,18.5,707511.0
4338.0,6,4,24.0,1,6.2,21.9,1349330.0
936.0,1,1,10.0,1,5.4,29.9,326031.0
3351.0,4,3,15.0,1,6.1,28.1,983693.0
5982.0,6,4,16.0,1,5.9,35.7,1654511.0
4995.0,6,4,33.0,1,2.2,28.9,1762689.0
3922.0,5,4,25.0,0,4.7,39.9,1064002.0
2254.0,2,2,57.0,0,9.1,14.6,851524.0
3969.0,5,4,8.0,0,4.0,33.5,1501381.0
3446.0,4,3,58.0,0,4.8,28.2,1220181.0
2901.0,4,3,14.0,2,4.3,28.0,994642.0
1306.0,1,1,46.0,2,5.3,13.7,518139.0
5388.0,6,5,20.0,0,4.2,31.6,1843957.0
3029.0,3,2,9.0,4,6.6,36.1,1079976.0
1651.0,2,2,51.0,1,5.9,9.5,637732.0
2586.0,4,3,19.0,3,7.2,25.4,1412367.0
2836.0,2,2,40.0,1,3.2,16.3,1028319.0
5069.0,6,4,34.0,2,4.8,39.6,2334744.0
4562.0,6,4,28.0,0,5.0,19.7,1469479.0
4754.0,5,4,30.0,0,6.5,9.9,1658255.0
660.0,1,1,44.0,0,3.8,15.9,207848.0
2847.0,4,3,5.0,2,7.5,26.5,1004381.0
3199.0,4,3,40.0,1,8.1,4.0,1603192.0
704.0,1,1,54.0,2,3.3,24.5,231113.0
2003.0,3,2,3.0,0,4.4,37.3,943645.0
4706.0,6,4,8.0,2,4.3,34.2,1323017.0
1340.0,1,1,43.0,0,10.0,3.6,544897.0
3491.0,4,3,26.0,0,4.6,39.7,1113120.0
1762.0,2,2,24.0,1,9.2,28.3,773610.0
665.0,1,1,8.0,1,2.7,7.3,340256.0
1902.0,3,3,30.0,1,3.3,1.5,796375.0
5870.0,6,4,8.0,2,4.0,7.7,1868154.0
4928.0,6,4,29.0,0,3.6,33.7,1593256.0
5782.0,6,4,46.0,1,4.9,1.8,1854561.0
3234.0,4,3,15.0,2,3.9,10.1,1007816.0
1193.0,1,1,29.0,0,3.7,30.5,344938.0
3559.0,5,4,60.0,3,8.0,23.9,1565239.0
3054.0,5,3,41.0,4,8.2,31.5,877050.0
5160.0,6,4,50.0,0,7.6,30.1,2215203.0
1130.0,1,1,25.0,0,6.7,3.0,491994.0
3237.0,4,3,46.0,1,5.7,35.8,995594.0
1410.0,2,1,2.0,2,4.4,9.9,652602.0
2353.0,2,2,7.0,1,3.4,22.6,996094.0
4582.0,6,4,12.0,1,6.3,26.1,1923851.0
3170.0,5,4,24.0,2,2.9,7.6,1254162.0
2630.0,3,2,51.0,0,3.3,39.1,950798.0
2730.0,3,2,21.0,2,8.0,20.0,792608.0
3081.0,3,3,39.0,1,9.7,3.2,1144142.0
4839.0,6,4,43.0,1,6.4,37.6,1437848.0
5417.0,6,4,35.0,3,7.9,23.9,2276094.0
5759.0,6,4,21.0,1,5.0,28.3,1815082.0
4849.0,6,4,35.0,0,2.6,21.5,1792061.0
2303.0,3,2,21.0,1,6.8,33.6,951007.0
4316.0,5,4,5.0,1,6.8,2.3,1409323.0
2963.0,4,2,60.0,0,5.7,11.5,945821.0
1975.0,3,2,8.0,4,5.0,19.3,966167.0
5141.0,6,4,4.0,0,7.6,4.0,1661147.0
808.0,2,2,53.0,1,3.3,28.5,319771.0
5470.0,6,4,18.0,1,3.8,16.4,1621103.0
3092.0,5,3,39.0,0,3.3,11.6,1029513.0
4041.0,4,3,20.0,3,5.7,1.1,1455177.0
4161.0,5,3,23.0,2,3.1,29.1,1219029.0
5434.0,6,4,16.0,1,4.0,33.5,1544285.0
4038.0,5,3,21.0,0,3.9,16.4,1434684.0
3915.0,6,4,25.0,0,4.9,23.0,1224779.0
960.0,2,1,43.0,1,2.2,9.9,299293.0
3399.0,4,3,31.0,0,5.7,25.3,1030218.0
1411.0,1,1,57.0,1,8.2,1.5,606891.0
4582.0,6,4,3.0,4,5.8,20.1,1924984.0
3366.0,4,3,30.0,1,8.9,26.1,1579595.0
4273.0,6,5,35.0,3,8.4,36.8,1446617.0
825.0,1,1,55.0,1,7.2,15.9,526090.0
1058.0,2,1,3.0,1,5.7,30.8,404901.0
4468.0,6,4,34.0,2,5.5,24.3,1836837.0
989.0,1,1,51.0,1,7.2,37.2,365842.0
985.0,1,1,15.0,2,4.6,16.5,371526.0
665.0,1,1,53.0,0,1.4,13.4,167188.0
5765.0,6,4,1.0,0,6.6,35.6,1958055.0
4583.0,6,4,44.0,2,3.0,2.9,1705626.0
2508.0,3,2,56.0,1,3.4,6.3,934041.0
2201.0,3,3,39.0,3,5.5,4.2,768664.0
2488.0,3,2,26.0,3,5.3,33.9,768572.0
4783.0,5,3,3.0,0,2.4,1.4,1371985.0
4171.0,5,3,55.0,1,5.9,34.6,1381194.0
1600.0,2,2,28.0,1,7.6,18.6,681299.0
1540.0,1,1,2.0,1,3.0,1.2,489689.0
1131.0,1,1,41.0,2,8.3,16.7,561330.0
4166.0,4,3,29.0,0,2.1,8.3,1802239.0
4728.0,5,3,7.0,1,10.0,25.4,1616723.0
2031.0,2,2,13.0,1,4.6,27.5,694341.0
713.0,2,1,4.0,0,5.8,20.0,424259.0
1044.0,1,2,34.0,2,1.3,2.6,350575.0
5826.0,6,4,37.0,1,5.4,26.6,2134622.0
2195.0,3,2,30.0,4,6.0,33.8,754271.0
4754.0,6,5,49.0,0,5.3,29.1,2088493.0
3973.0,5,3,52.0,0,4.3,33.4,1368110.0
2662.0,3,2,37.0,1,3.4,8.8,825813.0
1711.0,3,2,1.0,0,8.0,35.7,690957.0
1255.0,2,2,42.0,4,5.6,13.6,529634.0
3921.0,4,3,25.0,0,8.9,1.5,1789891.0
4783.0,5,4,34.0,2,4.3,33.9,1293816.0
4077.0,5,4,39.0,1,4.5,37.7,1244376.0
3464.0,4,2,21.0,1,7.3,26.6,1145769.0
827.0,1,1,55.0,0,1.9,10.0,249963.0
5830.0,6,4,8.0,1,2.8,10.8,1853084.0
4913.0,6,4,40.0,1,7.9,19.2,1369384.0
2181.0,3,2,0.0,0,2.9,36.0,702017.0
5892.0,6,4,55.0,3,1.5,6.8,1854723.0
3850.0,5,4,7.0,0,9.6,33.2,1357737.0
3745.0,5,4,6.0,1,2.4,12.4,1452388.0
4640.0,6,4,20.0,1,5.9,32.5,1856784.0
4984.0,6,5,22.0,0,5.7,36.9,1711335.0
4145.0,5,3,13.0,3,1.0,17.7,1408433.0
1292.0,2,1,35.0,1,4.9,15.2,344223.0
2427.0,3,2,27.0,0,6.5,32.3,835146.0
5612.0,6,4,2.0,1,6.3,21.6,2251082.0
1813.0,2,2,19.0,1,7.5,27.7,706817.0
2610.0,3,2,49.0,1,4.6,25.3,787700.0
2933.0,4,3,41.0,1,7.1,7.0,1526679.0
2973.0,5,3,43.0,0,4.0,33.9,1299700.0
3910.0,4,3,42.0,0,2.4,8.6,1354960.0
5693.0,6,4,19.0,2,2.6,37.4,2150937.0
1900.0,3,3,6.0,0,2.3,10.8,479440.0
1256.0,3,2,16.0,2,7.7,29.6,559434.0
1666.0,2,2,50.0,0,2.2,12.1,507979.0
5389.0,6,4,59.0,2,6.1,13.4,1779816.0
4087.0,5,3,30.0,1,4.9,13.1,1318002.0
2144.0,3,2,1.0,1,5.3,30.2,508626.0
5006.0,6,4,8.0,0,8.5,22.7,1934631.0
5251.0,6,4,19.0,0,4.5,35.4,1892080.0
5171.0,5,4,35.0,0,6.8,13.0,2224195.0
5562.0,6,4,5.0,0,5.6,28.0,1673950.0
1962.0,3,3,57.0,0,5.2,30.4,628118.0
4677.0,6,4,22.0,1,10.0,6.9,1076944.0
3087.0,5,4,55.0,1,2.3,16.6,1016294.0
5147.0,6,4,47.0,2,8.3,19.8,2090535.0
4534.0,5,3,45.0,1,6.9,14.9,1436389.0
4793.0,6,4,36.0,1,4.4,13.6,2176660.0
4143.0,5,4,38.0,1,9.1,27.8,1490151.0
1558.0,2,1,38.0,1,1.4,9.4,503443.0
3543.0,4,3,38.0,1,4.4,28.7,953379.0
5917.0,6,4,33.0,2,2.8,37.5,1969249.0
5662.0,6,4,59.0,0,6.4,23.0,1330292.0
833.0,1,1,44.0,0,3.1,24.8,301000.0
1490.0,2,1,47.0,1,6.5,3.7,683625.0
1311.0,1,1,52.0,0,5.1,34.7,523297.0
4520.0,6,4,13.0,3,4.4,12.1,1373433.0
5016.0,6,4,5.0,2,6.4,25.0,1835856.0
1753.0,2,2,29.0,0,4.9,39.2,675393.0
3332.0,3,2,31.0,0,3.1,24.2,1129290.0
5140.0,6,4,50.0,1,10.0,29.3,1615768.0
4557.0,6,4,27.0,1,4.4,18.4,1015782.0
3528.0,5,3,34.0,0,1.0,3.4,1219028.0
3788.0,5,3,32.0,2,3.6,32.1,1246484.0
3345.0,5,3,2.0,1,2.7,2.4,1102788.0
2207.0,3,2,37.0,0,7.3,28.3,944072.0
3651.0,5,3,50.0,0,6.2,1.9,1313972.0
4320.0,6,4,9.0,2,6.4,34.6,1263437.0
5316.0,6,4,36.0,0,4.7,7.1,1281638.0
4036.0,6,4,36.0,2,4.9,21.1,1201652.0
4710.0,6,4,10.0,1,4.7,24.3,2235305.0
1464.0,2,2,7.0,1,5.3,18.8,693447.0
3092.0,3,3,59.0,2,7.3,14.3,1176355.0
650.0,1,1,24.0,2,6.2,19.2,352837.0
1932.0,3,2,14.0,1,6.6,13.1,785471.0
4523.0,6,4,10.0,0,6.6,18.1,1934555.0
5956.0,6,4,40.0,2,7.4,15.0,1908178.0
1136.0,1,1,37.0,1,6.1,23.1,503425.0
2768.0,4,3,39.0,0,6.3,10.3,1001398.0
4920.0,6,4,5.0,3,8.1,39.6,2319927.0
1702.0,2,2,54.0,0,4.0,20.5,652588.0
3597.0,4,2,23.0,0,3.6,8.6,1429697.0
4559.0,5,4,19.0,0,2.9,19.6,1386528.0
3926.0,5,4,28.0,1,5.9,34.8,1620653.0
1615.0,2,1,23.0,1,1.4,1.9,514755.0
2519.0,3,2,52.0,0,6.5,27.5,910442.0
4832.0,5,4,56.0,0,5.3,22.4,2010242.0
3593.0,4,3,18.0,0,8.0,7.6,1151018.0
628.0,1,1,52.0,1,4.0,32.9,233423.0
4709.0,4,3,47.0,0,5.1,15.4,1649122.0
791.0,2,2,56.0,3,8.0,12.5,523852.0
4627.0,6,4,15.0,0,8.5,33.3,1581247.0
1693.0,2,2,35.0,4,4.0,25.9,837636.0
5774.0,6,4,16.0,0,5.9,36.0,1560904.0
2587.0,3,2,49.0,2,6.1,25.6,1133239.0
2365.0,4,3,0.0,0,6.3,29.9,1128505.0
1404.0,3,2,34.0,0,4.9,33.6,705709.0
2250.0,3,3,20.0,2,8.3,3.1,763600.0
5334.0,6,4,19.0,2,1.3,31.3,1487479.0
5980.0,6,4,39.0,1,4.6,24.9,2401008.0
2589.0,3,2,51.0,1,6.5,3.7,696099.0
3022.0,4,3,37.0,1,6.5,20.8,855379.0
4499.0,6,4,51.0,2,8.5,4.2,1565059.0
5385.0,6,4,16.0,0,8.1,29.7,1956996.0
3802.0,5,4,31.0,1,4.9,22.3,1677771.0
2714.0,3,3,27.0,1,8.4,38.2,1024717.0
2828.0,3,2,1.0,1,3.9,8.1,922931.0
4356.0,5,3,33.0,3,7.5,24.6,1638455.0
617.0,1,1,40.0,0,9.5,9.3,454491.0
3946.0,5,3,36.0,0,8.2,24.9,1531996.0
2520.0,3,3,44.0,1,5.7,29.2,895013.0
4889.0,6,4,34.0,1,4.8,29.2,1172890.0
1102.0,1,1,4.0,0,2.1,32.8,304910.0
3776.0,5,3,7.0,1,6.2,34.3,1650777.0
3197.0,5,4,36.0,4,3.0,4.0,1222426.0
4069.0,5,4,16.0,0,3.8,14.4,1351208.0
950.0,1,1,5.0,1,2.9,27.8,410442.0
3732.0,4,3,26.0,2,4.5,20.4,1073983.0
3632.0,5,4,33.0,1,5.4,8.4,1297669.0
3628.0,4,2,20.0,3,6.1,22.6,1318951.0
3859.0,5,4,43.0,2,4.2,16.9,1266037.0
4253.0,6,4,39.0,1,7.9,16.2,1610466.0
4947.0,6,4,20.0,1,5.0,32.6,1644884.0
2057.0,2,1,45.0,1,3.8,16.9,535374.0
5055.0,6,4,39.0,1,6.0,2.0,1831651.0
3291.0,4,3,38.0,3,9.8,3.3,1076197.0
1016.0,1,1,33.0,1,6.2,34.4,426700.0
916.0,1,1,1.0,0,4.7,38.5,443942.0
2405.0,3,3,42.0,0,2.1,27.8,748934.0
4838.0,6,4,23.0,0,5.0,15.2,1385042.0
4421.0,6,4,57.0,0,6.0,37.6,1481685.0
4859.0,6,4,49.0,2,4.6,26.8,1437052.0
3393.0,4,3,35.0,1,1.8,33.9,1173179.0
2977.0,4,2,15.0,1,3.6,30.9,988226.0
1396.0,2,2,12.0,1,8.7,15.8,881366.0
2372.0,4,3,20.0,2,8.7,19.7,1218977.0
2944.0,3,2,29.0,1,3.5,8.3,980026.0
1078.0,1,1,18.0,2,7.0,12.4,580632.0
1791.0,2,1,31.0,1,2.9,31.3,535688.0
3830.0,5,3,10.0,3,8.6,35.9,1464273.0
4573.0,5,4,59.0,1,6.0,29.3,1470951.0
5991.0,6,4,6.0,0,7.6,19.1,2328138.0
5639.0,6,3,56.0,1,1.7,4.4,2152274.0
4070.0,5,3,55.0,1,7.0,3.2,1639364.0
2875.0,3,2,32.0,0,5.5,15.6,1153115.0
4035.0,6,4,43.0,1,7.4,19.1,1708305.0
4843.0,6,4,26.0,0,7.5,24.8,1872996.0
1239.0,2,2,38.0,0,5.6,1.3,461072.0
2813.0,3,2,20.0,4,4.2,39.6,1216959.0
5135.0,6,4,18.0,1,7.2,15.2,2338461.0
2673.0,4,2,35.0,3,5.4,34.1,932677.0
3688.0,4,3,30.0,1,3.6,21.9,1169398.0
3774.0,5,4,35.0,1,3.5,6.1,1454386.0
1596.0,3,2,17.0,1,2.3,32.1,609407.0
2556.0,2,1,22.0,1,4.4,28.7,815378.0
2406.0,3,2,5.0,4,7.9,21.6,820714.0
741.0,1,1,3.0,0,5.9,21.1,398600.0
731.0,1,1,15.0,2,4.3,4.4,399292.0
5091.0,6,4,4.0,3,7.3,26.6,2047800.0
2075.0,2,1,6.0,1,3.7,36.5,727459.0
3398.0,4,3,49.0,3,5.7,4.6,1193466.0
2213.0,3,3,2.0,1,5.1,11.3,1033473.0
5680.0,6,4,40.0,4,7.2,36.2,1978674.0
2000.0,2,2,16.0,1,2.0,12.1,636924.0
2920.0,3,2,52.0,0,3.6,26.5,902836.0
5313.0,6,4,29.0,3,1.9,21.9,1281722.0
5146.0,6,4,18.0,1,4.9,24.3,1714359.0
1605.0,2,2,31.0,1,8.2,17.2,795153.0
4934.0,6,4,23.0,1,4.4,12.7,1791307.0
3074.0,5,3,34.0,0,4.4,2.9,1385471.0
3208.0,5,4,7.0,1,7.4,30.0,1222933.0
1321.0,2,1,60.0,2,7.9,30.1,595636.0
1035.0,1,1,26.0,0,5.3,27.2,457349.0
4531.0,6,4,21.0,0,7.0,26.1,2206327.0
3281.0,4,3,43.0,0,3.1,10.5,1129409.0
2959.0,4,3,22.0,1,8.5,1.9,1026341.0
4539.0,6,5,50.0,2,10.0,32.5,1941526.0
4734.0,6,4,27.0,2,6.6,20.2,2177386.0
1458.0,1,1,43.0,3,1.0,13.0,419778.0
3895.0,6,4,6.0,1,4.3,5.0,1626593.0
1331.0,2,1,51.0,0,6.8,3.4,670238.0
4657.0,6,5,44.0,3,4.6,14.6,1905893.0
4148.0,6,4,13.0,2,8.3,32.4,1609941.0
5766.0,6,4,9.0,1,6.8,36.8,1770804.0
972.0,1,1,19.0,1,3.9,36.0,349624.0
908.0,1,1,59.0,3,5.6,36.9,378785.0
2124.0,2,2,15.0,1,3.5,36.4,816557.0
